STATION_PK_SEQ,EVENT_PK_SEQ,CRUISE_NAME,STATION,EVENT_NUMBER,OPERATION,EVENT_DATE,CTD_CAST_NUMBER,SITE_ID,LATITUDE,LONGITUDE,GROUNDFISH_STRATUM,SURFACE_TEMPERATURE,TOW_PROFILE,TOW_PROTOCOL,TOW_TIME_DURATION,TOW_MAXIMUM_DEPTH,MAXIMUM_WIRE_OUT,BOTTOM_DEPTH_MAX_WIRE_OUT,DOE,DOC,UOE,UOC,wodcast,CTD_SSS,CTD_SST,CTD_BotDepth,DOY,GEAR_1,GEAR_VOLUME_FILTERED_1,ICH_HAUL_FACTOR_1,PRESERVATIVE_1,BLUEFIN_1,PROCESSED_1,GEAR_2,GEAR_VOLUME_FILTERED_2,ICH_HAUL_FACTOR_2,BLUEFIN_2,PRESERVATIVE_2,PROCESSED_2
39063,70594,HB1603,2,2,BON/CTD,28-Jun-2016 10:02:30,2,2,40.1833,-71.2833,1060,17.19,OBL,OT,678,92,NaN,96,11-Jan-0017,11-Jan-0017,PLANKTON,PLANKTON,18299124,32.6689987182617,17.9699993133545,96,180.417500019073,6B3,194.344,4.73,F5,0,Poland,6B3I,221.232,4.16,nan,E95,No
39064,70595,HB1603,3,3,BON/CTD,28-Jun-2016 16:06:16,3,3,39.5667,-71.3817,NaN,19.07,OBL,OT,1213,203,NaN,204,11-Jan-0017,11-Jan-0017,PLANKTON,PLANKTON,18299125,32.9099998474121,19.2700004577637,204,180.669166624546,6B3,289.907,7,F5,0,Poland,6B3I,354.495,5.73,nan,E95,No
39065,70596,HB1603,4,4,BON/CTD,28-Jun-2016 22:24:19,4,4,39.7267,-72.315,1020,18.04,OBL,OT,802,97,NaN,101,11-Jan-0017,11-Jan-0017,PLANKTON,PLANKTON,18299126,32.5359992980957,18.0400009155273,101,180.926666676998,6B3,236.747,4.1,F5,0,Poland,6B3I,285.455,3.4,nan,E95,No
39066,70597,HB1603,9,9,BON/CTD,29-Jun-2016 23:14:38,9,9,38.9483,-71.7283,NaN,21.52,OBL,OT,1120,203,NaN,2495,11-Jan-0017,11-Jan-0017,PLANKTON,PLANKTON,18299131,34.8880004882813,21.6399993896484,2495,181.964166641235,6B3,228.58,8.88,F5,0,Poland,6B3I,277.596,7.31,nan,E95,No
39067,70598,HB1603,10,12,BON/CTD,30-Jun-2016 01:18:10,12,10,38.95,-71.52,NaN,20.11,OBL,OT,1255,203,NaN,2600,11-Jan-0017,11-Jan-0017,PLANKTON,PLANKTON,18299134,33.9469985961914,20.8700008392334,2600,182.049166664481,6B3,313.385,6.48,F5,0,Poland,6B3I,377.818,5.37,nan,E95,No
39068,70599,HB1603,11,13,BON/CTD,30-Jun-2016 02:53:57,13,11,38.9233,-71.305,NaN,20.74,OBL,OT,1367,220,NaN,2778,11-Jan-0017,11-Jan-0017,PLANKTON,PLANKTON,18299135,33.4300003051758,20.7700004577637,2778,182.105416662991,6B3,305.768,7.19,F5,0,Poland,6B3I,368.861,5.96,nan,E95,No
39069,70600,HB1603,12,16,BON/CTD,30-Jun-2016 04:53:13,16,12,38.9583,-71.0983,NaN,19.5,OBL,OT,1683,203,NaN,2932,11-Jan-0017,11-Jan-0017,PLANKTON,PLANKTON,18299138,32.8699989318848,19.5100002288818,2932,182.188750013709,6B3,481.502,4.22,F5,0,Poland,6B3I,574.544,3.53,nan,E95,No
39070,70601,HB1603,14,18,BON/CTD,30-Jun-2016 15:59:46,18,14,38.09,-71.8233,NaN,23.66,OBL,OT,1172,196,NaN,196,11-Jan-0017,11-Jan-0017,PLANKTON,PLANKTON,18299140,35.1300010681152,23.6700000762939,2978,182.649583339691,6B3,289.75,6.76,F5,0,Poland,6B3I,343.763,5.7,nan,E95,No
39071,70602,HB1603,15,19,BON/CTD,01-Jul-2016 00:23:25,19,15,37.405,-71.85,NaN,28.35,OBL,OT,1195,202,NaN,3399,11-Jan-0017,11-Jan-0017,PLANKTON,PLANKTON,18299141,36.1349983215332,28.3299999237061,3399,183.009583333507,6B3,270.04,7.48,F5,0,Poland,6B3I,297.793,6.78,nan,E95,No
39072,70603,HB1603,16,22,BON/CTD,01-Jul-2016 02:25:16,22,16,37.4133,-71.905,NaN,28.33,OBL,OT,1219,211,NaN,3351,11-Jan-0017,11-Jan-0017,PLANKTON,PLANKTON,18299144,36.2789993286133,28.3199996948242,3351,183.09375,6B3,238.867,8.83,F5,1,Poland,6B3I,190.895,11.05,nan,E95,No
39073,70604,HB1603,17,23,BON/CTD,01-Jul-2016 03:52:34,23,17,37.5483,-71.855,NaN,26.54,OBL,OT,1016,212,NaN,3290,11-Jan-0017,11-Jan-0017,PLANKTON,PLANKTON,18299145,34.3650016784668,26.5599994659424,3290,183.146666660905,6B3,219.236,9.67,F5,0,Poland,6B3I,199.853,10.61,nan,E95,No
39074,70605,HB1603,18,26,BON/CTD,01-Jul-2016 05:53:28,26,18,37.6867,-71.8517,NaN,22.63,OBL,OT,1321,204,NaN,3202,11-Jan-0017,11-Jan-0017,PLANKTON,PLANKTON,18299148,34.625,22.6299991607666,3202,183.230416670442,6B3,341.496,5.97,F5,0,Poland,6B3I,388.72,5.25,nan,E95,No
39075,70606,HB1603,20,28,BON/CTD,01-Jul-2016 15:54:39,28,20,36.6333,-72.0967,NaN,25.33,OBL,OT,1323,201,NaN,3829,11-Jan-0017,11-Jan-0017,PLANKTON,PLANKTON,18299150,36.375,25.3600006103516,3829,183.647499978542,6B3,361.912,5.55,F5,0,Poland,6B3I,396.578,5.07,nan,E95,No
39076,70607,HB1603,21,29,BON/CTD,01-Jul-2016 23:10:16,29,21,37.29,-72.9717,NaN,27.92,OBL,OT,2279,196,NaN,3046,11-Jan-0017,11-Jan-0017,PLANKTON,PLANKTON,18299151,36.3190002441406,27.9300003051758,3046,183.962500035763,6B3,874.667,2.24,F5,0,Poland,6B3I,966.644,2.03,nan,E95,No
39077,70608,HB1603,22,31,BON/CTD,02-Jul-2016 08:30:05,31,22,38.2917,-73.985,1700,21.26,OBL,OT,517,68,NaN,73,11-Jan-0017,11-Jan-0017,PLANKTON,PLANKTON,18299153,32.1339988708496,21.2600002288818,73,184.345833331347,6B3,140.792,4.83,F5,0,Poland,6B3I,155.234,4.38,nan,E95,No
39078,70609,HB1603,23,33,BON/CTD,02-Jul-2016 23:06:33,33,23,38.615,-72.8383,NaN,21.98,OBL,OT,1272,204,NaN,2162,11-Jan-0017,11-Jan-0017,PLANKTON,PLANKTON,18299155,33.814998626709,21.9799995422363,2162,184.960833311081,6B3,342.124,5.96,F5,0,Poland,6B3I,379.762,5.37,nan,E95,No
39079,70610,HB1603,26,37,BON/CTD,03-Jul-2016 04:01:13,37,26,38.4067,-72.645,NaN,21.7,OBL,OT,1109,204,NaN,2752,11-Jan-0017,11-Jan-0017,PLANKTON,PLANKTON,18299159,33.5530014038086,21.6299991607666,2752,185.167083337903,6B3,244.913,8.33,F5,0,Poland,6B3I,273.625,7.46,nan,E95,No
39080,70611,HB1603,27,39,CTD/IKMT,03-Jul-2016 05:29:46,39,27,38.3283,-72.5267,NaN,24.05,OBL,OT,376,22,NaN,2925,11-Jan-0017,11-Jan-0017,PLANKTON,PLANKTON,18299161,35.2620010375977,24.0499992370605,2925,185.220416665077,2N3,348.7,10,F5,0,No,,NaN,NaN,,,
39080,70612,HB1603,27,40,BON/CTD,03-Jul-2016 05:42:37,40,27,38.3217,-72.5267,NaN,24.15,OBL,OT,1280,203,NaN,2928,11-Jan-0017,11-Jan-0017,PLANKTON,PLANKTON,18299162,35.3139991760254,24.1299991607666,2928,185.225833341479,6B3,353.353,5.74,F5,0,Poland,6B3I,395.818,5.13,nan,E95,No
39081,70613,HB1603,29,42,BON/CTD,03-Jul-2016 16:00:32,42,29,39.2717,-72.8233,1020,21.2,OBL,OT,402,75,NaN,83,11-Jan-0017,11-Jan-0017,PLANKTON,PLANKTON,18299164,32.0209999084473,21.2000007629395,83,185.666666686535,6B3,112.916,6.64,F5,0,Poland,6B3I,124.475,6.03,nan,E95,No
39082,70614,HB1603,30,43,BON/CTD,04-Jul-2016 00:15:59,43,30,39.215,-71.67,NaN,21.16,OBL,OT,1029,203,NaN,2382,11-Jan-0017,11-Jan-0017,PLANKTON,PLANKTON,18299165,33.875,21.1599998474121,2383,186.006250000093,6B3,236.04,8.6,F5,0,Poland,6B3I,261.287,7.77,nan,E95,No
39083,70615,HB1603,33,47,BON/CTD,04-Jul-2016 04:35:54,47,33,39.0483,-71.3467,NaN,20.65,OBL,OT,1313,204,NaN,2808,11-Jan-0017,11-Jan-0017,PLANKTON,PLANKTON,18299169,33.2840003967285,20.6499996185303,2808,186.181249991059,6B3,352.489,5.79,F5,0,Poland,6B3I,301.342,6.77,nan,E95,No
39084,70616,HB1603,35,50,BON/CTD,04-Jul-2016 15:57:46,50,35,38.74,-70.6833,NaN,24.99,OBL,OT,1323,197,NaN,3000,11-Jan-0017,11-Jan-0017,PLANKTON,PLANKTON,18299172,35.4519996643066,25.0200004577637,3000,186.648750007153,6B3,313.935,6.28,F5,0,Poland,6B3I,338.608,5.82,nan,E95,No
39085,70617,HB1603,36,51,BON/CTD,04-Jul-2016 22:59:26,51,36,38.3833,-69.875,NaN,28.05,OBL,OT,1003,206,NaN,3529,11-Jan-0017,11-Jan-0017,PLANKTON,PLANKTON,18299173,36.4029998779297,28.0499992370605,3529,186.941250026226,6B3,322.729,6.38,F5,1,Poland,6B3I,298.046,6.91,nan,E95,No
39085,70618,HB1603,36,52,CTD/IKMT,04-Jul-2016 23:26:20,52,36,38.3967,-69.8383,NaN,27.95,OBL,OT,572,26,NaN,3520,11-Jan-0017,11-Jan-0017,PLANKTON,PLANKTON,18299174,36.4049987792969,27.9500007629395,3520,186.969166696072,2N3,859.65,10,F5,0,No,,NaN,NaN,,,
39086,70619,HB1603,37,53,BON/CTD,05-Jul-2016 02:01:51,53,37,38.4383,-70.0817,NaN,27.56,OBL,OT,1278,203,NaN,3419,11-Jan-0017,11-Jan-0017,PLANKTON,PLANKTON,18299175,36.0209999084473,27.5400009155273,3419,187.083750002086,6B3,372.513,5.45,F5,0,Poland,6B3I,405.367,5.01,nan,E95,Yes
39086,70620,HB1603,37,54,CTD/IKMT,05-Jul-2016 02:29:15,54,37,38.435,-70.0583,NaN,27.61,OBL,OT,446,27,NaN,3434,11-Jan-0017,11-Jan-0017,PLANKTON,PLANKTON,18299176,36.0979995727539,27.6200008392334,3434,187.095416665077,2N3,748,10,F5,0,No,,NaN,NaN,,,
39087,70621,HB1603,38,55,BON/CTD,05-Jul-2016 03:51:42,55,38,38.485,-70.1683,NaN,25.64,OBL,OT,1230,203,NaN,3326,11-Jan-0017,11-Jan-0017,PLANKTON,PLANKTON,18299177,35.4679985046387,25.6399993896484,3326,187.146249994636,6B3,334.665,6.07,F5,0,Poland,6B3I,289.765,7.01,nan,E95,YES
39087,70622,HB1603,38,56,CTD/IKMT,05-Jul-2016 04:17:20,56,38,38.48,-70.1533,NaN,24.94,OBL,OT,406,28,NaN,3338,11-Jan-0017,11-Jan-0017,PLANKTON,PLANKTON,18299178,34.9249992370605,25.0599994659424,3338,187.173749998212,2N3,515.9,10,F5,0,Yes,,NaN,NaN,,,
39088,70623,HB1603,42,60,BON/CTD,06-Jul-2016 15:59:03,60,42,37.8367,-68.9317,NaN,27.69,OBL,OT,1300,203,NaN,4124,11-Jan-0017,11-Jan-0017,PLANKTON,PLANKTON,18299182,36.4119987487793,27.8600006103516,4124,188.649583339691,6B3,362.854,5.59,F5,1,Poland,6B3I,396.071,5.13,nan,E95,Yes
39089,70624,HB1603,43,61,BON/CTD,06-Jul-2016 22:57:45,61,43,37.6683,-68.24,NaN,28.38,OBL,OT,1435,205,NaN,4708,11-Jan-0017,11-Jan-0017,PLANKTON,PLANKTON,18299183,36.4049987792969,28.3700008392334,4708,188.940416634083,6B3,478.676,4.28,F5,0,Poland,6B3I,522.49,3.92,nan,E95,Yes
39089,70625,HB1603,43,62,CTD/IKMT,06-Jul-2016 23:32:27,62,43,37.6467,-68.2433,NaN,28.37,OBL,OT,437,27,NaN,4719,11-Jan-0017,11-Jan-0017,PLANKTON,PLANKTON,18299184,36.4070014953613,28.3500003814697,4719,188.971666634083,2N3,618.2,10,F5,0,No,,NaN,NaN,,,
39090,70626,HB1603,44,63,BON/CTD,07-Jul-2016 00:41:34,63,44,37.5,-68.2983,NaN,26.06,OBL,OT,1208,203,NaN,4766,11-Jan-0017,11-Jan-0017,PLANKTON,PLANKTON,18299185,36.375,26.3299999237061,4766,189.017083333805,6B3,308.281,6.58,F5,0,Poland,6B3I,338.355,6,nan,E95,Yes
39090,70627,HB1603,44,64,CTD/IKMT,07-Jul-2016 01:07:17,64,44,37.4833,-68.29,NaN,25.52,OBL,OT,403,28,NaN,4774,11-Jan-0017,11-Jan-0017,PLANKTON,PLANKTON,18299186,36.3639984130859,25.8600006103516,4774,189.044583335519,2N3,482.9,10,F5,0,Yes,,NaN,NaN,,,
39091,70628,HB1603,45,66,BON/CTD,07-Jul-2016 02:35:29,66,45,37.3567,-68.2767,NaN,26.64,OBL,OT,1216,201,NaN,4831,11-Jan-0017,11-Jan-0017,PLANKTON,PLANKTON,18299188,36.3380012512207,26.7000007629395,4831,189.097916662693,6B3,321.473,6.25,F5,1,Poland,6B3I,352.805,5.7,nan,E95,YES
39091,70629,HB1603,45,67,CTD/IKMT,07-Jul-2016 03:00:11,67,45,37.3467,-68.26,NaN,26.33,OBL,OT,404,28,NaN,4838,11-Jan-0017,11-Jan-0017,PLANKTON,PLANKTON,18299189,36.3359985351563,26.6800003051758,4838,189.125,2N3,427.9,10,F5,0,No,,NaN,NaN,,,
39092,70630,HB1603,49,71,BON/CTD,07-Jul-2016 15:50:46,71,49,38.2567,-68.11,NaN,27.8,OBL,OT,1641,201,NaN,4406,11-Jan-0017,11-Jan-0017,PLANKTON,PLANKTON,18299193,35.9389991760254,27.7800006866455,4406,189.645833313465,6B3,511.42,3.93,F5,5,Poland,6B3I,558.32,3.6,nan,E95,Yes
39093,70631,HB1603,50,72,BON/CTD,07-Jul-2016 23:40:24,72,50,39.0667,-67.9033,NaN,25.62,OBL,OT,1505,204,NaN,3629,11-Jan-0017,11-Jan-0017,PLANKTON,PLANKTON,18299194,35.3120002746582,25.6200008392334,3629,189.974999964237,6B3,465.327,4.38,F5,4,Poland,6B3I,510.152,4,3,E95,Yes
39093,70632,HB1603,50,73,CTD/IKMT,08-Jul-2016 00:10:36,73,50,39.0433,-67.9167,NaN,25.56,OBL,OT,612,21,NaN,3724,11-Jan-0017,11-Jan-0017,PLANKTON,PLANKTON,18299195,35.3289985656738,25.5599994659424,3724,190.004166666884,2N3,719.95,10,F5,49,Yes,,NaN,NaN,,,
39094,70633,HB1603,51,74,CTD/IKMT,08-Jul-2016 01:14:00,74,51,38.9117,-67.9417,NaN,25.56,OBL,OT,392,23,NaN,3793,11-Jan-0017,11-Jan-0017,PLANKTON,PLANKTON,18299196,35.5190010070801,25.5699996948242,3793,190.047499999404,2N3,374.55,10,F5,20,yes,,NaN,NaN,,,
39094,70634,HB1603,51,75,BON/CTD,08-Jul-2016 01:25:34,75,51,38.905,-67.9433,NaN,25.56,OBL,OT,1052,205,NaN,3805,11-Jan-0017,11-Jan-0017,PLANKTON,PLANKTON,18299197,35.4869995117188,25.5499992370605,3805,190.052083332092,6B3,217.116,9.44,F5,3,Poland,6B3I,241.006,8.51,1,E95,Yes
39095,70635,HB1603,52,76,BON/CTD,08-Jul-2016 02:34:05,76,52,38.775,-67.9783,NaN,25.67,OBL,OT,1096,205,NaN,4053,11-Jan-0017,11-Jan-0017,PLANKTON,PLANKTON,18299198,35.2169990539551,25.6700000762939,4053,190.097499996424,6B3,262.188,7.82,F5,4,Poland,6B3I,289.343,7.09,1,E95,Yes
39095,70636,HB1603,52,77,CTD/IKMT,08-Jul-2016 02:56:41,77,52,38.7683,-67.9867,NaN,25.62,OBL,OT,381,27,NaN,4059,11-Jan-0017,11-Jan-0017,PLANKTON,PLANKTON,18299199,35.2410011291504,25.6599998474121,4059,190.106666661799,2N3,314.6,10,F5,3,no,,NaN,NaN,,,
39096,70637,HB1603,53,78,BON/CTD,08-Jul-2016 04:00:37,78,53,38.6517,-68.0033,NaN,25.85,OBL,OT,1207,204,NaN,4170,11-Jan-0017,11-Jan-0017,PLANKTON,PLANKTON,18299200,35.0909996032715,25.8500003814697,4170,190.166666671634,6B3,282.133,7.23,F5,3,Poland,6B3I,310.131,6.58,6,E95,yes
39096,70638,HB1603,53,79,CTD/IKMT,08-Jul-2016 04:25:43,79,53,38.64,-68.0017,NaN,25.81,OBL,OT,412,27,NaN,4179,11-Jan-0017,11-Jan-0017,PLANKTON,PLANKTON,18299201,35.4080009460449,25.8400001525879,4179,190.177083328366,2N3,403.15,10,F5,21,no,,NaN,NaN,,,
39097,70639,HB1603,56,82,BON/CTD,08-Jul-2016 15:51:05,82,56,39.6233,-67.7683,NaN,23.15,OBL,OT,1300,202,NaN,3000,11-Jan-0017,11-Jan-0017,PLANKTON,PLANKTON,18299204,35.5359992980957,23.4300003051758,3000,190.646250009537,6B3,360.499,5.6,F5,0,Poland,6B3I,398.437,5.07,nan,E95,yes
39098,70640,HB1603,57,83,BON/CTD,08-Jul-2016 23:37:40,83,57,40.425,-67.6883,1150,20.24,OBL,OT,1185,170,NaN,220,11-Jan-0017,11-Jan-0017,PLANKTON,PLANKTON,18299205,33.2029991149902,20.2299995422363,220,190.973750054836,6B3,324.457,5.24,F5,0,Poland,6B3I,362.101,4.69,nan,E95,yes
39099,70641,HB1603,59,85,BON/CTD,11-Jul-2016 09:02:22,85,59,40.08,-72.85,1010,22.31,OBL,OT,501,50,NaN,53,11-Jan-0017,11-Jan-0017,PLANKTON,PLANKTON,18299207,31.5750007629395,22.3099994659424,53,193.375833362341,6B3,171.337,2.92,F5,0,Poland,6B3I,190.219,2.63,nan,E95,yes
39100,70642,HB1603,60,87,BON/CTD,11-Jul-2016 15:58:34,87,60,39.5433,-73.97,3200,23.64,OBL,OT,345,19,NaN,26,11-Jan-0017,11-Jan-0017,PLANKTON,PLANKTON,18299209,31.8139991760254,23.6499996185303,26,193.64916664362,6B3,102.394,1.86,F5,0,Poland,6B3I,112.813,1.68,nan,E95,yes
39101,70643,HB1603,61,88,BON/CTD,11-Jul-2016 23:46:11,88,61,39.1117,-74.4917,3230,24.02,OBL,OT,411,16,NaN,22,11-Jan-0017,11-Jan-0017,PLANKTON,PLANKTON,18299210,31.8920001983643,24.0400009155273,22,193.977499961853,6B3,119.433,1.34,F5,0,Poland,6B3I,131.489,1.22,nan,E95,yes
39102,70644,HB1603,66,93,BON/CTD,12-Jul-2016 09:04:30,93,66,38.69,-74.5767,1690,24.16,OBL,OT,391,28,NaN,33,11-Jan-0017,11-Jan-0017,PLANKTON,PLANKTON,18299215,31.9939994812012,24.1499996185303,33,194.376666665077,6B3,106.791,5.24,F5,0,Poland,6B3I,117.714,2.38,nan,E95,yes
39103,70645,HB1603,67,95,BON/CTD,12-Jul-2016 15:53:37,95,67,38.415,-74.8333,3290,22.51,OBL,OT,390,16,NaN,22,11-Jan-0017,11-Jan-0017,PLANKTON,PLANKTON,18299217,31.4160003662109,22.4899997711182,22,194.647083342075,6B3,93.599,1.71,F5,0,Poland,6B3I,99.884,1.6,nan,E95,yes
39104,70646,HB1603,68,96,BON/CTD,12-Jul-2016 22:12:23,96,68,38.605,-74.0417,1690,24.57,OBL,OT,455,52,NaN,55,11-Jan-0017,11-Jan-0017,PLANKTON,PLANKTON,18299218,31.7159996032715,24.5699996948242,55,194.921666681767,6B3,129.17,4.03,F5,0,Poland,6B3I,141.798,3.67,1,E95,yes
39105,70647,HB1603,69,97,BON/CTD,13-Jul-2016 08:27:34,97,69,39.5333,-72.63,1020,21.26,OBL,OT,524,79,NaN,83,11-Jan-0017,11-Jan-0017,PLANKTON,PLANKTON,18299219,32.5900001525879,21.2600002288818,83,195.344583362341,6B3,164.034,4.82,F5,0,Poland,6B3I,181.093,4.36,nan,E95,yes
39106,70648,HB1603,70,99,BON/CTD,13-Jul-2016 15:54:49,99,70,39.38,-71.6883,NaN,23.94,OBL,OT,1200,203,NaN,2200,11-Jan-0017,11-Jan-0017,PLANKTON,PLANKTON,18299221,35.1749992370605,23.9500007629395,2200,195.647499978542,6B3,314.092,6.46,F5,1,Poland,6B3I,345.96,5.87,1,E95,yes
39107,70649,HB1603,71,100,BON/CTD,13-Jul-2016 22:32:39,100,71,39.8317,-71.5283,NaN,22.84,OBL,OT,1377,202,NaN,550,11-Jan-0017,11-Jan-0017,PLANKTON,PLANKTON,18299222,33.8689994812012,22.8799991607666,550,195.930000007153,6B3,480.168,4.21,F5,0,Poland,6B3I,493.758,4.09,nan,E95,yes
39108,70650,HB1603,72,101,BON/CTD,19-Jul-2016 09:01:06,101,72,40.2017,-71.2983,1060,23.04,OBL,OT,698,92,NaN,96,11-Jan-0017,11-Jan-0017,PLANKTON,PLANKTON,18299223,32.2589988708496,23.0400009155273,96,201.375416666269,6B3,187.12,4.92,F5,0,Poland,6B3I,205.599,4.47,nan,E95,No
39109,70651,HB1603,73,103,BON/CTD,19-Jul-2016 16:01:34,103,73,39.6067,-70.49,NaN,25.01,OBL,OT,1457,215,NaN,216,11-Jan-0017,11-Jan-0017,PLANKTON,PLANKTON,18299225,35.0999984741211,25.0100002288818,2265,201.667083323002,6B3,400.545,5.37,F5,0,Poland,6B3I,440.352,4.88,nan,E95,No
39110,70652,HB1603,74,104,BON/CTD,19-Jul-2016 21:49:17,104,74,40.1933,-70.385,1110,23.57,OBL,OT,707,113,NaN,117,11-Jan-0017,11-Jan-0017,PLANKTON,PLANKTON,18299226,34.0359992980957,23.5699996948242,117,201.895416676998,6B3,187.905,6.01,F5,0,Poland,6B3I,206.866,5.46,nan,E95,No
39111,70653,HB1603,79,109,BON/CTD,20-Jul-2016 15:48:24,109,79,39.7983,-69.4833,NaN,25.35,OBL,OT,1174,203,NaN,204,11-Jan-0017,11-Jan-0017,PLANKTON,PLANKTON,18299231,35.1040000915527,25.4400005340576,1780,202.644999980927,6B3,341.104,5.95,F5,0,Poland,6B3I,381.283,5.32,nan,E95,No
39112,70654,HB1603,80,110,BON/CTD,20-Jul-2016 22:53:28,110,80,40.1383,-68.805,1110,20.28,OBL,OT,1079,172,NaN,183,11-Jan-0017,11-Jan-0017,PLANKTON,PLANKTON,18299232,32.4109992980957,20.2800006866455,183,202.93875002861,6B3,294.932,5.83,F5,0,Poland,6B3I,328.721,5.23,nan,E95,No
39113,70655,HB1603,85,115,BON/CTD,21-Jul-2016 15:47:26,115,85,40.3317,-68.1267,NaN,19.84,OBL,OT,1190,200,NaN,951,11-Jan-0017,11-Jan-0017,PLANKTON,PLANKTON,18299237,33.0449981689453,19.8899993896484,951,203.64458334446,6B3,325.163,6.15,F5,0,Poland,6B3I,360.495,5.55,nan,E95,No
39114,70656,HB1603,86,116,BON/CTD,21-Jul-2016 22:57:11,116,86,40.2667,-67.4983,NaN,21.89,OBL,OT,1521,202,NaN,1384,11-Jan-0017,11-Jan-0017,PLANKTON,PLANKTON,18299238,33.9189987182617,21.8899993896484,1384,203.940416634083,6B3,440.435,4.59,F5,0,Poland,6B3I,486.998,4.15,nan,E95,No
39115,70657,HB1603,88,118,CTD/IKMT,22-Jul-2016 08:07:58,118,88,40.0067,-67.6533,NaN,22.32,OBL,OT,615,21,NaN,2832,11-Jan-0017,11-Jan-0017,PLANKTON,PLANKTON,18299240,33.6809997558594,22.3199996948242,2832,204.33624997735,2N3,952.6,10,F5,0,no,,NaN,NaN,,,
39115,70658,HB1603,88,119,BON/CTD,22-Jul-2016 08:24:59,119,88,39.9967,-67.6533,NaN,22.32,OBL,OT,1333,204,NaN,2897,11-Jan-0017,11-Jan-0017,PLANKTON,PLANKTON,18299241,33.6310005187988,22.3199996948242,2897,204.343333333731,6B3,399.289,5.11,F5,0,Poland,6B3I,431.056,4.73,nan,E95,No
39116,70659,HB1603,89,121,BON/CTD,22-Jul-2016 15:47:33,121,89,39.6967,-66.6117,NaN,23.56,OBL,OT,1120,202,NaN,4200,11-Jan-0017,11-Jan-0017,PLANKTON,PLANKTON,18299243,34.7610015869141,23.5499992370605,4200,204.64458334446,6B3,282.211,7.16,F5,0,Poland,6B3I,313.257,6.45,nan,E95,No
39117,70660,HB1603,90,122,BON/CTD,22-Jul-2016 23:05:04,122,90,39.3933,-65.6217,NaN,27.41,OBL,OT,1414,212,NaN,4437,11-Jan-0017,11-Jan-0017,PLANKTON,PLANKTON,18299244,36.1150016784668,27.4200000762939,4437,204.960416615009,6B3,399.917,5.3,F5,0,Poland,6B3I,431.732,4.91,nan,E95,No
39117,70661,HB1603,90,123,CTD/IKMT,22-Jul-2016 23:33:45,123,90,39.3933,-65.6167,NaN,27.44,OBL,OT,431,26,NaN,4424,11-Jan-0017,11-Jan-0017,PLANKTON,PLANKTON,18299245,36.1180000305176,27.4300003051758,4424,204.972083330154,2N3,608.3,10,F5,0,no,,NaN,NaN,,,
39118,70662,HB1603,95,128,BON/CTD,24-Jul-2016 10:04:24,128,95,40.15,-67.2167,NaN,22.28,OBL,OT,1214,201,NaN,1800,11-Jan-0017,11-Jan-0017,PLANKTON,PLANKTON,18299250,34.1290016174316,22.2800006866455,1800,206.41833332181,6B3,341.575,5.88,F5,0,Poland,6B3I,377.48,5.32,nan,E95,No
39119,70663,HB1603,96,129,BON/CTD,24-Jul-2016 15:45:50,129,96,40.8233,-66.9233,1130,16.44,OBL,OT,560,89,NaN,101,11-Jan-0017,11-Jan-0017,PLANKTON,PLANKTON,18299251,32.5419998168945,16.5100002288818,101,206.643750011921,6B3,174.713,5.09,F5,0,Poland,6B3I,194.022,4.59,nan,E95,No
39120,70664,HB1603,99,132,BON/CTD,25-Jul-2016 08:56:11,132,99,40.7383,-66.3017,NaN,21.31,OBL,OT,1306,204,NaN,2500,11-Jan-0017,11-Jan-0017,PLANKTON,PLANKTON,18299254,34.056999206543,21.2900009155273,2500,207.356666684151,6B3,367.409,5.55,F5,0,Poland,6B3I,408.071,5,nan,E95,No
39121,70665,HB1603,100,134,BON/CTD,25-Jul-2016 15:46:59,134,100,41.4283,-65.9733,1180,17.9,OBL,OT,1533,201,NaN,348,11-Jan-0017,11-Jan-0017,PLANKTON,PLANKTON,18299256,32.3359985351563,18,348,207.644166648388,6B3,480.796,4.18,F5,0,Poland,6B3I,493.167,4.08,nan,E95,No
39122,70666,HB1603,101,135,BON/CTD,25-Jul-2016 22:55:41,135,101,41.9517,-65.42,NaN,21.14,OBL,OT,1320,201,NaN,1491,11-Jan-0017,11-Jan-0017,PLANKTON,PLANKTON,18299257,34.4570007324219,21.1399993896484,1491,207.939583301544,6B3,397.797,5.05,F5,0,Poland,6B3I,442.549,4.54,nan,E95,No
39123,70667,HB1603,107,141,BON/CTD,27-Jul-2016 15:46:18,141,107,41.6433,-64.965,NaN,22.02,OBL,OT,1531,202,NaN,2726,11-Jan-0017,11-Jan-0017,PLANKTON,PLANKTON,18299263,34.7060012817383,22.1399993896484,2726,209.644166648388,6B3,461.401,4.38,F5,0,Poland,6B3I,504.997,4,nan,E95,No
39124,70668,HB1603,110,144,BON/CTD,28-Jul-2016 09:15:45,144,110,40.9233,-65.05,NaN,24.24,OBL,OT,1169,202,NaN,3639,11-Jan-0017,11-Jan-0017,PLANKTON,PLANKTON,18299266,35.1059989929199,24.2399997711182,3639,210.38124999404,6B3,290.064,6.96,F5,0,Poland,6B3I,318.581,6.34,nan,E95,No
39125,70669,HB1603,111,145,BON/CTD,28-Jul-2016 15:49:23,145,111,40.1133,-65.1267,NaN,26.61,OBL,OT,1550,202,NaN,4600,11-Jan-0017,11-Jan-0017,PLANKTON,PLANKTON,18299267,35.6300010681152,26.7099990844727,4600,210.645416676998,6B3,441.142,4.58,F5,0,Poland,6B3I,430.042,4.7,nan,E95,No
39126,70670,HB1603,113,147,BON/CTD,29-Jul-2016 08:04:35,147,113,39.3017,-65.205,NaN,26.78,OBL,OT,1466,204,NaN,4846,11-Jan-0017,11-Jan-0017,PLANKTON,PLANKTON,18299269,35.8470001220703,26.7800006866455,4846,211.335000008345,6B3,437.687,4.66,F5,0,Poland,6B3I,476.435,4.28,nan,E95,No
39128,70672,HB1603,115,151,BON/CTD,30-Jul-2016 08:59:02,151,115,40.0717,-67.98,NaN,21.96,OBL,OT,1109,204,NaN,2209,11-Jan-0017,11-Jan-0017,PLANKTON,PLANKTON,18299273,32.9039993286133,21.9500007629395,2209,212.357916682959,6B3,279.463,7.3,F5,0,Poland,6B3I,311.652,6.55,nan,E95,No
39129,70673,HB1603,116,153,BON/CTD,30-Jul-2016 15:44:32,153,116,39.36,-68.5167,NaN,25.37,OBL,OT,1355,202,NaN,3000,11-Jan-0017,11-Jan-0017,PLANKTON,PLANKTON,18299275,34.9000015258789,25.3700008392334,3000,212.643333315849,6B3,383.192,5.27,F5,0,Poland,6B3I,349.425,5.78,nan,E95,No
39130,70674,HB1603,117,154,BON/CTD,30-Jul-2016 23:01:41,154,117,38.9467,-69.185,NaN,24.72,OBL,OT,1469,204,NaN,3278,11-Jan-0017,11-Jan-0017,PLANKTON,PLANKTON,18299276,34.451000213623,24.7199993133545,3278,212.958750009537,6B3,452.92,4.5,F5,0,Poland,6B3I,503.645,4.05,nan,E95,No
39130,70675,HB1603,117,155,CTD/IKMT,30-Jul-2016 23:32:57,155,117,38.9433,-69.17,NaN,24.75,OBL,OT,579,22,NaN,3264,11-Jan-0017,11-Jan-0017,PLANKTON,PLANKTON,18299277,34.4570007324219,24.75,3264,212.971666634083,2N3,892.65,10,F5,0,no,,NaN,NaN,,,
39131,70676,HB1603,120,158,BON/CTD,31-Jul-2016 15:45:33,158,120,39.3283,-70.1633,NaN,25.57,OBL,OT,2627,203,NaN,2671,11-Jan-0017,11-Jan-0017,PLANKTON,PLANKTON,18299280,35.6150016784668,25.5699996948242,2671,213.643750011921,6B3,677.731,3,F5,0,Poland,6B3I,751.327,2.7,nan,E95,No
39132,70677,HB1603,121,159,BON/CTD,31-Jul-2016 22:45:20,159,121,39.5717,-70.99,NaN,25.99,OBL,OT,1250,203,NaN,2450,11-Jan-0017,11-Jan-0017,PLANKTON,PLANKTON,18299281,35.3300018310547,25.9899997711182,2450,213.935416698456,6B3,383.663,5.29,F5,6,Poland,6B3I,420.916,4.82,nan,E95,No
39132,70678,HB1603,121,160,CTD/IKMT,31-Jul-2016 23:10:34,160,121,39.585,-70.9983,NaN,25.98,OBL,OT,397,24,NaN,2423,11-Jan-0017,11-Jan-0017,PLANKTON,PLANKTON,18299282,35.3250007629395,25.9799995422363,2423,213.962500035763,2N3,586.3,10,F5,9,Yes,,NaN,NaN,,,
39133,70679,HB1603,124,163,BON/CTD,01-Aug-2016 15:52:27,163,124,40.2583,-70.825,1070,24.2,OBL,OT,586,112,NaN,123,11-Jan-0017,11-Jan-0017,PLANKTON,PLANKTON,18299285,33.8950004577637,24.2000007629395,123,214.646666705608,6B3,206.908,5.41,F5,0,Poland,6B3I,227.063,4.93,nan,E95,No
39134,70680,HB1603,125,164,BON/CTD,01-Aug-2016 22:47:03,164,125,39.7333,-70.1267,NaN,26.13,OBL,OT,1202,203,NaN,2058,11-Jan-0017,11-Jan-0017,PLANKTON,PLANKTON,18299286,35.1209983825684,26.1299991607666,2058,214.93624997139,6B3,350.055,5.8,F5,1,Poland,6B3I,384.663,5.28,nan,E95,No
39135,70681,HB1603,129,168,BON/CTD,02-Aug-2016 15:45:30,168,129,40.1483,-69.6333,1100,20.31,OBL,OT,587,87,NaN,95,11-Jan-0017,11-Jan-0017,PLANKTON,PLANKTON,18299290,32.7200012207031,20.3400001525879,95,215.643750011921,6B3,192.067,4.53,F5,0,Poland,6B3I,209.148,4.16,nan,E95,No
39136,70682,HB1603,130,169,BON/CTD,02-Aug-2016 22:57:30,169,130,39.9433,-68.8217,NaN,24.37,OBL,OT,1245,204,NaN,1703,11-Jan-0017,11-Jan-0017,PLANKTON,PLANKTON,18299291,34.5449981689453,24.3700008392334,1703,215.940416634083,6B3,383.427,5.32,F5,0,Poland,6B3I,425.901,4.79,nan,E95,No
39136,70683,HB1603,130,170,CTD/IKMT,02-Aug-2016 23:23:13,170,130,39.955,-68.8133,NaN,24.48,OBL,OT,439,24,NaN,1652,11-Jan-0017,11-Jan-0017,PLANKTON,PLANKTON,18299292,34.673999786377,24.4699993133545,1652,215.967916667461,2N3,651.75,10,F5,0,no,,NaN,NaN,,,
39140,70687,HB1603,135,181,BON/CTD,10-Aug-2016 22:11:07,181,135,40.875,-70.555,1090,22.11,OBL,OT,326,47,NaN,55,11-Jan-0017,11-Jan-0017,PLANKTON,PLANKTON,18299323,32.5559997558594,22.1100006103516,55,223.9212500453,6B3,105.849,4.44,F5,0,Poland,6B3I,109.095,4.31,nan,E95,No
39141,70688,HB1603,136,182,BON/CTD,11-Aug-2016 09:04:44,182,136,40.4767,-68.5433,1130,20.04,OBL,OT,598,83,NaN,92,11-Jan-0017,11-Jan-0017,PLANKTON,PLANKTON,18299328,32.3600006103516,20.0499992370605,92,224.376666665077,6B3,191.674,4.33,F5,0,Poland,6B3I,205.683,4.04,nan,E95,No
39142,70689,HB1603,138,184,BON/CTD,11-Aug-2016 15:51:18,184,138,40.2317,-67.6683,NaN,23.32,OBL,OT,1596,192,NaN,1400,11-Jan-0017,11-Jan-0017,PLANKTON,PLANKTON,18299333,33.7249984741211,23.3199996948242,1400,224.646250009537,6B3,535.919,3.58,F5,0,Poland,6B3I,587.811,3.27,nan,E95,No
39142,70690,HB1603,138,185,CTD/IKMT,11-Aug-2016 16:27:29,185,138,40.215,-67.6567,NaN,23.31,OBL,OT,665,25,NaN,1400,11-Jan-0017,11-Jan-0017,PLANKTON,PLANKTON,18299335,33.6990013122559,23.3299999237061,1400,224.677916705608,2N3,1190.2,10,F5,0,No,,NaN,NaN,,,
39143,70691,HB1603,139,186,BON/CTD,11-Aug-2016 22:19:50,186,139,40.5167,-66.9867,NaN,23.95,OBL,OT,1389,202,NaN,644,11-Jan-0017,11-Jan-0017,PLANKTON,PLANKTON,18299338,34.7519989013672,23.9500007629395,644,224.924583375454,6B3,394.421,5.12,F5,0,Poland,6B3I,431.901,4.68,nan,E95,No
39144,70692,HB1603,140,187,BON/CTD,12-Aug-2016 09:13:21,187,140,41.0783,-66.1383,NaN,24.09,OBL,OT,1258,196,NaN,1300,11-Jan-0017,11-Jan-0017,PLANKTON,PLANKTON,18299344,35.0429992675781,24.0900001525879,1300,225.380416661501,6B3,424.73,4.61,F5,0,Poland,6B3I,476.35,4.11,nan,E95,No
39144,70693,HB1603,140,188,CTD/IKMT,12-Aug-2016 09:41:43,188,140,41.0683,-66.1483,NaN,24.04,OBL,OT,650,25,NaN,1300,11-Jan-0017,11-Jan-0017,PLANKTON,PLANKTON,18299345,35.0379981994629,24.0699996948242,1300,225.392083317041,2N3,0,NaN,F5,0,No,,NaN,NaN,,,
39145,70694,HB1603,141,190,BON/CTD,13-Aug-2016 08:40:55,190,141,42.1117,-65.47,NaN,20.34,OBL,OT,1027,205,NaN,390,11-Jan-0017,11-Jan-0017,PLANKTON,PLANKTON,18299359,33.7290000915527,20.3400001525879,390,226.34999999404,6B3,286.687,7.15,F5,0,Poland,6B3I,319.173,6.42,nan,E95,No
39146,70695,HB1603,142,192,BON/CTD,13-Aug-2016 15:48:42,192,142,41.5733,-65.505,NaN,26.3,OBL,OT,1309,203,NaN,2000,11-Jan-0017,11-Jan-0017,PLANKTON,PLANKTON,18299364,35.75,26.2999992370605,2000,226.644999980927,6B3,304.041,6.68,F5,0,Poland,6B3I,340.045,5.97,nan,E95,No
39147,70696,HB1603,143,193,BON/CTD,13-Aug-2016 22:15:36,193,143,41.435,-66.2383,1160,18.16,OBL,OT,906,107,NaN,108,11-Jan-0017,11-Jan-0017,PLANKTON,PLANKTON,18299368,32.4099998474121,18.1800003051758,108,226.922916650772,6B3,238.553,4.49,F5,0,Poland,6B3I,260.358,4.11,nan,E95,No
39148,70697,HB1603,145,195,BON/CTD,14-Aug-2016 08:33:35,195,145,41.42,-65.865,NaN,20.21,OBL,OT,1312,204,NaN,1400,11-Jan-0017,11-Jan-0017,PLANKTON,PLANKTON,18299374,33.2879981994629,20.2099990844727,1400,227.347083330154,6B3,380.443,5.36,F5,0,Poland,6B3I,414.24,4.92,nan,E95,No
39149,70698,HB1603,148,197,BON/CTD,14-Aug-2016 15:43:28,197,148,41.6883,-65.13,NaN,25.98,OBL,OT,1230,199,NaN,2419,11-Jan-0017,11-Jan-0017,PLANKTON,PLANKTON,18299380,35.2239990234375,25.9899997711182,2419,227.642916679382,6B3,404.864,4.92,F5,0,Poland,6B3I,368.946,5.39,nan,E95,No
39150,70699,HB1603,149,198,CTD/IKMT,14-Aug-2016 16:19:06,198,149,41.6783,-65.1317,NaN,25.95,OBL,OT,496,25,NaN,2437,11-Jan-0017,11-Jan-0017,PLANKTON,PLANKTON,18299382,35.2109985351563,25.9699993133545,2437,227.674583375454,2N3,0,NaN,F5,0,No,,NaN,NaN,,,
39151,70700,HB1603,150,199,BON/CTD,14-Aug-2016 20:47:38,199,150,42.2483,-65.1483,NaN,20.08,OBL,OT,756,203,NaN,656,11-Jan-0017,11-Jan-0017,PLANKTON,PLANKTON,18299385,32.4469985961914,20.0799999237061,656,227.852916657925,6B3,225.361,9.01,F5,0,Poland,6B3I,248.865,8.16,nan,E95,No
39152,70701,HB1603,151,200,BON/CTD,15-Aug-2016 09:19:19,200,151,40.735,-66.3133,NaN,24.58,OBL,OT,1274,214,NaN,2392,11-Jan-0017,11-Jan-0017,PLANKTON,PLANKTON,18299390,34.8330001831055,24.5799999237061,2392,228.382916659117,6B3,366.388,5.84,F5,0,Poland,6B3I,365.481,5.86,nan,E95,No
39152,70702,HB1603,151,201,CTD/IKMT,15-Aug-2016 09:45:28,201,151,40.725,-66.315,NaN,24.61,OBL,OT,681,27,NaN,2543,11-Jan-0017,11-Jan-0017,PLANKTON,PLANKTON,18299391,34.8380012512207,24.6000003814697,2543,228.393749982119,2N3,1200.1,10,F5,0,No,,NaN,NaN,,,
39153,70703,HB1603,153,203,BON/CTD,15-Aug-2016 15:45:07,203,153,40.4583,-67.015,NaN,24.14,OBL,OT,1348,200,NaN,1600,11-Jan-0017,11-Jan-0017,PLANKTON,PLANKTON,18299397,34.0509986877441,24.1499996185303,1600,228.643750011921,6B3,370,5.41,F5,0,Poland,6B3I,358.805,5.57,nan,E95,No
39154,70704,HB1603,154,204,BON/CTD,15-Aug-2016 22:15:45,204,154,40.4283,-67.71,1140,20.6,OBL,OT,922,139,NaN,150,11-Jan-0017,11-Jan-0017,PLANKTON,PLANKTON,18299400,32.4959983825684,20.5900001525879,150,228.922916650772,6B3,254.257,5.47,F5,0,Poland,6B3I,284.441,4.89,nan,E95,No
39155,70705,HB1603,155,205,BON/CTD,16-Aug-2016 08:32:43,205,155,40.1533,-69.64,1100,22.64,OBL,OT,762,92,NaN,99,11-Jan-0017,11-Jan-0017,PLANKTON,PLANKTON,18299404,32.6049995422363,22.6299991607666,99,229.346666663885,6B3,239.102,15.39,F5,0,Poland,6B3I,261.456,3.52,nan,E95,No
39156,70706,HB1603,156,207,BON/CTD,16-Aug-2016 15:48:47,207,156,39.83,-70.27,NaN,26.42,OBL,OT,1217,198,NaN,1053,11-Jan-0017,11-Jan-0017,PLANKTON,PLANKTON,18299410,34.4109992980957,26.4300003051758,1053,229.644999980927,6B3,318.253,6.22,F5,0,Poland,6B3I,353.143,5.61,nan,E95,No
39157,70707,HB1603,157,208,BON/CTD,16-Aug-2016 21:01:33,208,157,40.3233,-70.805,1060,24.47,OBL,OT,651,104,NaN,110,11-Jan-0017,11-Jan-0017,PLANKTON,PLANKTON,18299414,32.6809997558594,24.4799995422363,110,229.875416696072,6B3,157.753,6.59,F5,0,Poland,6B3I,166.642,6.24,nan,E95,No
39158,70708,HB1603,158,209,BON/CTD,18-Aug-2016 08:43:48,209,158,40.2067,-71.2867,1060,24.4,OBL,OT,474,89,NaN,97,11-Jan-0017,11-Jan-0017,PLANKTON,PLANKTON,18299435,32.6020011901855,24.3999996185303,97,231.35125002265,6B3,117.156,7.6,F5,0,Poland,6B3I,129.714,6.86,nan,E95,No
39159,70709,HB1603,159,211,BON/CTD,18-Aug-2016 15:48:17,211,159,39.7533,-70.725,NaN,26.41,OBL,OT,1317,188,NaN,1985,11-Jan-0017,11-Jan-0017,PLANKTON,PLANKTON,18299441,34.4780006408691,26.4099998474121,1985,231.644999980927,6B3,366.466,5.13,F5,0,Poland,6B3I,405.789,4.63,nan,E95,No
39161,70711,HB1603,160,213,BON/CTD,19-Aug-2016 08:46:42,213,160,40.0983,-68.5,NaN,24.12,OBL,OT,1581,198,NaN,907,11-Jan-0017,11-Jan-0017,PLANKTON,PLANKTON,18299448,33.8160018920898,24.1200008392334,907,232.352499991655,6B3,496.422,3.99,F5,0,Poland,6B3I,550.038,3.6,nan,E95,No
39163,70713,HB1603,161,216,BON/CTD,19-Aug-2016 15:47:07,216,161,39.9833,-67.5767,NaN,25.04,OBL,OT,1393,204,NaN,2682,11-Jan-0017,11-Jan-0017,PLANKTON,PLANKTON,18299453,34.0839996337891,25.0200004577637,2682,232.64458334446,6B3,394.264,5.17,F5,0,Poland,6B3I,433.845,4.7,nan,E95,No
39164,70714,HB1603,162,217,BON/CTD,19-Aug-2016 22:15:57,217,162,39.66,-66.5183,NaN,25.73,OBL,OT,1115,197,NaN,4197,11-Jan-0017,11-Jan-0017,PLANKTON,PLANKTON,18299454,34.1230010986328,25.7399997711182,4197,232.922916650772,6B3,261.874,7.52,F5,0,Poland,6B3I,285.624,6.9,nan,E95,No
39165,70715,HB1603,163,219,CTD/IKMT,20-Aug-2016 09:02:57,219,163,39.6667,-66.5683,NaN,25.09,OBL,OT,847,25,NaN,4107,11-Jan-0017,11-Jan-0017,PLANKTON,PLANKTON,18299456,34.2649993896484,25.0799999237061,4107,233.375833362341,2N3,0,NaN,F5,0,No,,NaN,NaN,,,
39166,70716,HB1603,164,220,BON/CTD,20-Aug-2016 16:01:43,220,164,39.4117,-65.7383,NaN,26.54,OBL,OT,1226,198,NaN,4502,11-Jan-0017,11-Jan-0017,PLANKTON,PLANKTON,18299457,35.0309982299805,26.5400009155273,4502,233.667083323002,6B3,333.33,5.94,F5,0,Poland,6B3I,306.919,6.45,nan,E95,No
39167,70717,HB1603,165,221,BON/CTD,20-Aug-2016 22:31:24,221,165,39.565,-65.365,NaN,25.43,OBL,OT,1219,199,NaN,4696,11-Jan-0017,11-Jan-0017,PLANKTON,PLANKTON,18299458,35.0970001220703,25.4300003051758,4696,233.929583311081,6B3,290.299,6.86,F5,0,Poland,6B3I,322.637,6.17,nan,E95,No
39168,70718,HB1603,166,223,BON/CTD,21-Aug-2016 08:21:23,223,166,40.2217,-65.685,NaN,23.85,OBL,OT,1166,200,NaN,4001,11-Jan-0017,11-Jan-0017,PLANKTON,PLANKTON,18299460,34.431999206543,23.8500003814697,4001,234.342083334923,6B3,312.364,6.4,F5,0,Poland,6B3I,344.693,5.8,nan,E95,No
39168,70719,HB1603,166,225,CTD/IKMT,21-Aug-2016 09:02:45,225,166,40.235,-65.6933,NaN,23.83,OBL,OT,478,25,NaN,3980,11-Jan-0017,11-Jan-0017,PLANKTON,PLANKTON,18299462,34.423999786377,23.8199996948242,3980,234.375833362341,2N3,0,NaN,F5,0,No,,NaN,NaN,,,
39169,70720,HB1603,167,226,BON/CTD,21-Aug-2016 15:50:24,226,167,40.3033,-66.675,NaN,26.21,OBL,OT,1436,198,NaN,2690,11-Jan-0017,11-Jan-0017,PLANKTON,PLANKTON,18299463,35.3899993896484,26.2099990844727,2690,234.645833313465,6B3,467.29,4.24,F5,0,Poland,6B3I,484.463,4.09,nan,E95,No
39170,70721,HB1603,168,227,BON/CTD,21-Aug-2016 22:28:27,227,168,40.9667,-66.5967,1160,20.36,OBL,OT,632,91,NaN,99,11-Jan-0017,11-Jan-0017,PLANKTON,PLANKTON,18299464,32.6809997558594,20.3899993896484,99,234.928333342075,6B3,156.025,5.83,F5,0,Poland,6B3I,171.713,5.3,nan,E95,No
39171,70722,HB1603,169,228,BON/CTD,22-Aug-2016 08:45:55,228,169,40.7183,-66.5867,NaN,24.77,OBL,OT,1073,200,NaN,1933,11-Jan-0017,11-Jan-0017,PLANKTON,PLANKTON,18299465,35.0400009155273,24.7600002288818,1933,235.352083325386,6B3,255.121,7.84,F5,0,Poland,6B3I,282.836,7.07,nan,E95,No
39172,70723,HB1603,171,230,CTD/IKMT,22-Aug-2016 09:24:34,230,171,40.7267,-66.5717,NaN,24.86,OBL,OT,606,27,NaN,1677,11-Jan-0017,11-Jan-0017,PLANKTON,PLANKTON,18299467,35.0699996948242,24.8500003814697,1677,235.384999990463,2N3,0,NaN,F5,0,No,,NaN,NaN,,,
39173,70724,HB1603,172,231,BON/CTD,22-Aug-2016 15:49:44,231,172,40.67,-67.0317,1140,26.28,OBL,OT,1178,160,NaN,173,11-Jan-0017,11-Jan-0017,PLANKTON,PLANKTON,18299468,35.6990013122559,26.2900009155273,173,235.645416676998,6B3,352.489,4.54,F5,0,Poland,6B3I,390.579,4.1,nan,E95,No
39174,70725,HB1603,173,232,BON/CTD,22-Aug-2016 23:17:49,232,173,40.21,-67.125,NaN,25.82,OBL,OT,1190,203,NaN,2369,11-Jan-0017,11-Jan-0017,PLANKTON,PLANKTON,18299469,35.0320014953613,25.8199996948242,2369,235.965416669846,6B3,352.175,5.76,F5,0,Poland,6B3I,385.339,5.27,nan,E95,No
39175,70726,HB1603,174,233,BON/CTD,23-Aug-2016 09:01:15,233,174,40.4667,-68.5117,1130,20.48,OBL,OT,582,88,NaN,97,11-Jan-0017,11-Jan-0017,PLANKTON,PLANKTON,18299470,33.0690002441406,20.4799995422363,97,236.375416666269,6B3,180.681,4.87,F5,0,Poland,6B3I,199.937,4.4,nan,E95,No
39176,70727,HB1603,175,235,BON/CTD,23-Aug-2016 15:48:12,235,175,39.8483,-68.8783,NaN,23.78,OBL,OT,1532,199,NaN,2009,11-Jan-0017,11-Jan-0017,PLANKTON,PLANKTON,18299472,33.560001373291,23.7800006866455,2009,236.644999980927,6B3,447.109,4.45,F5,0,Poland,6B3I,485.646,4.1,nan,E95,No
39177,70728,HB1603,176,236,BON/CTD,23-Aug-2016 22:27:44,236,176,40.0617,-69.6783,1110,23.39,OBL,OT,672,108,NaN,113,11-Jan-0017,11-Jan-0017,PLANKTON,PLANKTON,18299473,33.5929985046387,23.3899993896484,113,236.927916705608,6B3,148.722,7.26,F5,0,Poland,6B3I,171.713,6.29,nan,E95,No
39178,70729,HB1603,177,237,BON/CTD,24-Aug-2016 09:19:59,237,177,39.2867,-70.115,NaN,25.7,OBL,OT,1132,200,NaN,2713,11-Jan-0017,11-Jan-0017,PLANKTON,PLANKTON,18299474,34.8460006713867,25.7099990844727,2713,237.382916659117,6B3,295.168,6.78,F5,0,Poland,6B3I,329.313,6.07,nan,E95,No
39179,70730,HB1603,178,239,BON/CTD,24-Aug-2016 15:47:19,239,178,39.575,-70.8017,NaN,26.5,OBL,OT,1098,200,NaN,2479,11-Jan-0017,11-Jan-0017,PLANKTON,PLANKTON,18299476,35.3940010070801,26.5300006866455,2479,237.64458334446,6B3,221.67,9.02,F5,0,Poland,6B3I,297.032,6.73,nan,E95,No
39127,70671,HB1603,2113,149,BON/CTD,29-Jul-2016 15:47:04,149,2113,39.5083,-66.035,NaN,27.52,OBL,OT,1391,200,NaN,4373,11-Jan-0017,11-Jan-0017,PLANKTON,PLANKTON,18299271,36.0960006713867,27.5200004577637,4373,211.64458334446,6B3,411.067,4.87,F5,0,Poland,6B3I,430.296,4.65,nan,E95,unk
39137,70684,HB1603,2129,174,BON/CTD,04-Aug-2016 09:00:10,174,2129,40.475,-70.0983,1100,20.55,OBL,OT,454,66,NaN,70,11-Jan-0017,11-Jan-0017,PLANKTON,PLANKTON,18299296,32.4799995422363,20.5499992370605,70,217.375,6B3,132.468,4.98,F5,0,Poland,6B3I,146.53,4.5,nan,E95,unk
39138,70685,HB1603,2130,176,BON/CTD,04-Aug-2016 15:41:06,176,2130,40.705,-70.495,1100,21.01,OBL,OT,404,51,NaN,56,11-Jan-0017,11-Jan-0017,PLANKTON,PLANKTON,18299298,32.609001159668,20.9899997711182,56,217.642083346844,6B3,115.978,4.4,F5,0,Poland,6B3I,126.334,4.04,nan,E95,unk
39139,70686,HB1603,2131,177,BON/CTD,05-Aug-2016 00:09:43,177,2131,40.8483,-71.07,1060,22.01,OBL,OT,368,56,NaN,60,11-Jan-0017,11-Jan-0017,PLANKTON,PLANKTON,18299299,32.0419998168945,22,60,218.003750000149,6B3,89.752,6.24,F5,0,Poland,6B3I,85.011,6.59,nan,E95,unk
39160,70710,HB1603,2159,212,BON/CTD,18-Aug-2016 23:07:10,212,2159,40.2567,-70.325,1100,24.44,OBL,OT,560,90,NaN,100,11-Jan-0017,11-Jan-0017,PLANKTON,PLANKTON,18299444,33.3040008544922,24.4500007629395,100,231.961250007153,6B3,138.828,6.48,F5,0,Poland,6B3I,153.46,5.86,nan,E95,unk
39162,70712,HB1603,2160,215,CTD/IKMT,19-Aug-2016 09:43:53,215,2160,40.095,-68.4783,NaN,24.12,OBL,OT,334,24,NaN,1125,11-Jan-0017,11-Jan-0017,PLANKTON,PLANKTON,18299451,33.814998626709,24.1200008392334,1125,232.392916679382,2N3,NaN,NaN,F5,0,unk,,NaN,NaN,,,
-9901,-9901,HB1603,1,1,CTD/IKMT,28-Jun-2016 07:06:00,1,1,40.19333333,-71.28,NaN,17.75,OBL,OT,496,22,NaN,NaN,11-Jan-0017,11-Jan-0017,PLANKTON,PLANKTON,18299123,32.6809997558594,17.9799995422363,97,180.29458335042,2N3,629.75,10,E95,0,,,NaN,NaN,,,
-9902,-9902,HB1603,9,10,CTD/IKMT,29-Jun-2016 23:43:00,10,9,38.95333333,-71.725,NaN,21.04,OBL,OT,363,28.3,NaN,NaN,11-Jan-0017,11-Jan-0017,PLANKTON,PLANKTON,18299132,34.8839988708496,21.2700004577637,2495,181.97583335638,2N3,433.95,10,E95,0,,,NaN,NaN,,,
-9903,-9903,HB1603,10,11,CTD/IKMT,30-Jun-2016 01:02:00,11,10,38.94666667,-71.52333333,NaN,20.28,OBL,OT,469,22.6,NaN,NaN,11-Jan-0017,11-Jan-0017,PLANKTON,PLANKTON,18299133,33.9949989318848,20.8099994659424,2600,182.042916666716,2N3,550,10,E95,0,,,NaN,NaN,,,
-9904,-9904,HB1603,11,14,CTD/IKMT,30-Jun-2016 03:24:00,14,11,38.93,-71.29833333,NaN,20.77,OBL,OT,450,26.4,NaN,NaN,11-Jan-0017,11-Jan-0017,PLANKTON,PLANKTON,18299136,33.4309997558594,20.7900009155273,2851,182.135000005364,2N3,675.95,10,E95,0,,,NaN,NaN,,,
-9905,-9905,HB1603,12,15,CTD/IKMT,30-Jun-2016 04:38:00,15,12,38.96,-71.10666667,NaN,19.43,OBL,OT,404,21.5,NaN,NaN,11-Jan-0017,11-Jan-0017,PLANKTON,PLANKTON,18299137,32.8450012207031,19.4500007629395,2936,182.182500004768,2N3,520.3,10,E95,0,,,NaN,NaN,,,
-9906,-9906,HB1603,15,20,CTD/IKMT,01-Jul-2016 00:50:00,20,15,37.41333333,-71.82166667,NaN,28.36,OBL,OT,402,27.5,NaN,NaN,11-Jan-0017,11-Jan-0017,PLANKTON,PLANKTON,18299142,36.1279983520508,28.3199996948242,3419,183.020833333954,2N3,497.2,10,E95,0,,,NaN,NaN,,,
-9907,-9907,HB1603,16,21,CTD/IKMT,01-Jul-2016 02:12:00,21,16,37.40833333,-71.91833333,NaN,28.3,OBL,OT,420,23.7,NaN,NaN,11-Jan-0017,11-Jan-0017,PLANKTON,PLANKTON,18299143,36.3059997558594,28.2999992370605,3343,183.088333331048,2N3,524.15,10,E95,0,,,NaN,NaN,,,
-9908,-9908,HB1603,17,24,CTD/IKMT,01-Jul-2016 04:20:00,24,17,37.56333333,-71.845,NaN,24.56,OBL,OT,873,26.2,NaN,NaN,11-Jan-0017,11-Jan-0017,PLANKTON,PLANKTON,18299146,33.976001739502,24.7900009155273,3284,183.17499999702,2N3,1411.3,10,E95,3,,,NaN,NaN,,,
-9909,-9909,HB1603,18,25,CTD/IKMT,01-Jul-2016 05:38:00,25,18,37.68833333,-71.865,NaN,22.28,OBL,OT,394,21.2,NaN,NaN,11-Jan-0017,11-Jan-0017,PLANKTON,PLANKTON,18299147,34.7449989318848,22.9500007629395,3194,183.224166676402,2N3,461.45,10,E95,0,,,NaN,NaN,,,
-9910,-9910,HB1603,21,30,CTD/IKMT,02-Jul-2016 00:00:00,30,21,37.32666667,-72.87166667,NaN,27.92,OBL,OT,547,24.6,NaN,NaN,11-Jan-0017,11-Jan-0017,PLANKTON,PLANKTON,18299152,36.2980003356934,27.9300003051758,3049,183.982083320618,2N3,905.85,10,E95,5,,,NaN,NaN,,,
-9911,-9911,HB1603,23,34,CTD/IKMT,02-Jul-2016 23:34:00,34,23,38.60166667,-72.84666667,NaN,21.95,OBL,OT,410,26.8,NaN,NaN,11-Jan-0017,11-Jan-0017,PLANKTON,PLANKTON,18299156,33.8059997558594,21.9500007629395,2198,184.972500026226,2N3,579.15,10,E95,0,,,NaN,NaN,,,
-9912,-9912,HB1603,26,38,CTD/IKMT,03-Jul-2016 04:25:00,38,26,38.39833333,-72.65,NaN,22.1,OBL,OT,372,26.8,NaN,NaN,11-Jan-0017,11-Jan-0017,PLANKTON,PLANKTON,18299160,33.859001159668,22.0200004577637,2770,185.177083328366,2N3,360.25,10,E95,0,,,NaN,NaN,,,
-9913,-9913,HB1603,30,44,CTD/IKMT,04-Jul-2016 00:39:00,44,30,39.21166667,-71.67666667,NaN,21.18,OBL,OT,383,27.6,NaN,NaN,11-Jan-0017,11-Jan-0017,PLANKTON,PLANKTON,18299166,33.9070014953613,21.1700000762939,2375,186.016249999404,2N3,395.45,10,E95,0,,,NaN,NaN,,,
-9914,-9914,HB1603,33,48,CTD/IKMT,04-Jul-2016 05:05:00,48,33,39.03166667,-71.34,NaN,20.61,OBL,OT,359,25.7,NaN,NaN,11-Jan-0017,11-Jan-0017,PLANKTON,PLANKTON,18299170,33.2750015258789,20.6299991607666,2929,186.210416674614,2N3,377.3,10,E95,0,,,NaN,NaN,,,
