STATION_PK_SEQ,EVENT_PK_SEQ,CRUISE_NAME,STATION,EVENT_NUMBER,OPERATION,EVENT_DATE,CTD_CAST_NUMBER,SITE_ID,LATITUDE,LONGITUDE,GROUNDFISH_STRATUM,SURFACE_TEMPERATURE,TOW_PROFILE,TOW_PROTOCOL,TOW_TIME_DURATION,TOW_MAXIMUM_DEPTH,MAXIMUM_WIRE_OUT,BOTTOM_DEPTH_MAX_WIRE_OUT,DOE,DOC,UOE,UOC,wodcast,CTD_SSS,CTD_SST,CTD_BotDepth,DOY,GEAR_1,GEAR_VOLUME_FILTERED_1,ICH_HAUL_FACTOR_1,PRESERVATIVE_1,PROCESSED_1,GEAR_2,GEAR_VOLUME_FILTERED_2,ICH_HAUL_FACTOR_2,PROCESSED_2,PRESERVATIVE_2,BLUEFIN_1,BLUEFIN_2,MODEL_DEPTH
36786,67428,GU1302,1,1,BON/CTD,09-Jun-2013 19:40:18,1,1,41.1383,-70.9583,1050,15.17,OBL,STD,260,28,40,32,08-Aug-0013,08-Aug-0013,PLANKTON,PLANKTON,16415598,32.3129997253418,15.2799997329712,32,160.81958335638,6B3I,64.192,4.36,Formalin,Poland,6B3Z,65.647,NaN,Not Sorted-- 1/4 aliquot available?,Formalin,0,NaN,-32
36787,67429,GU1302,2,2,BON/CTD,09-Jun-2013 20:58:03,2,2,41.05,-70.7717,1090,14.69,OBL,STD,536,42,92,46,08-Aug-0013,08-Aug-0013,PLANKTON,PLANKTON,16415599,32.2400016784668,14.8199996948242,46,160.87374997139,6B3I,153.422,2.74,Formalin,Poland,6B3Z,161.94,NaN,Not Sorted-- 1/4 aliquot available?,Formalin,0,NaN,-42
36788,67430,GU1302,4,4,BON/CTD,10-Jun-2013 00:20:04,4,4,40.9983,-70.3067,1090,12.98,OBL,STD,551,35,0,40,08-Aug-0013,08-Aug-0013,PLANKTON,PLANKTON,16415601,32.4179992675781,12.9099998474121,40,161.013750000857,6B3I,174.155,2.01,Formalin,Poland,6B3Z,164.601,NaN,Not Sorted-- 1/4 aliquot available?,Formalin,0,NaN,-40
36789,67431,GU1302,5,5,BON/CTD,10-Jun-2013 02:48:08,5,5,40.755,-70.55,1100,14.6,OBL,STD,356,53,0,57,08-Aug-0013,08-Aug-0013,PLANKTON,PLANKTON,16415602,32.6940002441406,14.6300001144409,57,161.116666667163,6B3I,96.567,5.49,Formalin,Poland,6B3Z,98.873,NaN,Not Sorted-- 1/4 aliquot available?,Formalin,0,NaN,-57
36790,67432,GU1302,7,7,BON/CTD,10-Jun-2013 08:27:28,7,7,40.02,-70.7583,1080,14.8,OBL,STD,3295,236,693,243,08-Aug-0013,08-Aug-0013,PLANKTON,PLANKTON,16415604,33.0960006713867,15.3299999237061,243,161.352083325386,6B3I,1325.222,1.78,Formalin,Poland,6B3Z,1379.47,NaN,Not Sorted-- 1/4 aliquot available?,Formalin,0,NaN,-352
36791,67433,GU1302,10,10,BON/CTD,10-Jun-2013 15:35:36,10,10,40.075,-70.135,1110,16.81,OBL,STD,897,156,164,162,08-Aug-0013,08-Aug-0013,PLANKTON,PLANKTON,16415607,33.9410018920898,17.4099998474121,162,161.64916664362,6B3I,197.838,7.89,Formalin,Poland,6B3Z,202.828,NaN,Not Sorted-- 1/4 aliquot available?,Formalin,0,NaN,-171
36792,67434,GU1302,11,11,BON/CTD,10-Jun-2013 18:07:29,11,11,40.2283,-69.7333,1100,14.17,OBL,STD,441,82,88,86,08-Aug-0013,08-Aug-0013,PLANKTON,PLANKTON,16415608,33.1049995422363,14.460000038147,86,161.755000054836,6B3I,91.144,9,Formalin,Poland,6B3Z,92.583,NaN,Not Sorted-- 1/4 aliquot available?,Formalin,0,NaN,-86
36793,67435,GU1302,12,12,BON/CTD,10-Jun-2013 19:18:27,12,12,40.3767,-69.775,1100,13.31,OBL,STD,472,70,0,75,08-Aug-0013,08-Aug-0013,PLANKTON,PLANKTON,16415609,33.0800018310547,14.539999961853,75,161.804166615009,6B3I,111.239,6.29,Formalin,Poland,6B3Z,113.632,NaN,Not Sorted-- 1/4 aliquot available?,Formalin,0,NaN,-71
36794,67436,GU1302,13,13,BON/CTD,10-Jun-2013 21:55:08,13,13,40.3183,-69.27,1100,16.64,OBL,STD,616,78,0,84,08-Aug-0013,08-Aug-0013,PLANKTON,PLANKTON,16415610,32.935001373291,16.7800006866455,84,161.91333335638,6B3I,162.832,4.79,Formalin,Poland,6B3Z,168.391,NaN,Not Sorted-- 1/4 aliquot available?,Formalin,0,NaN,-82
36795,67437,GU1302,14,14,BON/CTD,10-Jun-2013 23:25:34,14,14,40.2983,-69.0267,1100,14.07,OBL,STD,737,91,158,97,08-Aug-0013,08-Aug-0013,PLANKTON,PLANKTON,16415611,32.8849983215332,14.5699996948242,97,161.97583335638,6B3I,213.308,4.27,Formalin,Poland,6B3Z,220.893,NaN,Not Sorted-- 1/4 aliquot available?,Formalin,0,NaN,-101
36796,67438,GU1302,15,15,BON/CTD,11-Jun-2013 02:15:25,15,15,40.5717,-68.6933,1130,13.25,OBL,STD,636,62,135,67,08-Aug-0013,08-Aug-0013,PLANKTON,PLANKTON,16415612,32.9000015258789,13.5299997329712,67,162.09375,6B3I,253.897,2.44,Formalin,Poland,6B3Z,264.603,NaN,Not Sorted-- 1/4 aliquot available?,Formalin,0,NaN,-60
36797,67439,GU1302,16,16,BON/CTD,11-Jun-2013 03:20:21,16,16,40.6883,-68.635,1130,12.07,OBL,STD,659,57,0,57,08-Aug-0013,08-Aug-0013,PLANKTON,PLANKTON,16415613,32.818000793457,12.1199998855591,57,162.138750001788,6B3I,198.716,2.87,Formalin,Poland,6B3Z,205.408,NaN,Not Sorted-- 1/4 aliquot available?,Formalin,0,NaN,-68
36798,67440,GU1302,18,18,BON/CTD,11-Jun-2013 12:16:42,18,18,41.4283,-69.56,1250,11.36,OBL,STD,368,27,31,31,08-Aug-0013,08-Aug-0013,PLANKTON,PLANKTON,16415615,31.7080001831055,11.3900003433228,31,162.511250019073,6B3I,96.806,2.79,Formalin,Poland,6B3Z,97.986,NaN,Not Sorted-- 1/4 aliquot available?,Formalin,0,NaN,-27
36799,67441,GU1302,19,19,BON/CTD,11-Jun-2013 14:35:03,19,19,41.7733,-69.3917,1240,13.06,OBL,STD,1047,168,225,175,08-Aug-0013,08-Aug-0013,PLANKTON,PLANKTON,16415616,31.5300006866455,13.0699996948242,175,162.607500016689,6B3I,245.364,6.85,Formalin,Poland,6B3Z,253.635,NaN,Not Sorted-- 1/4 aliquot available?,Formalin,0,NaN,-170
36800,67442,GU1302,20,20,BON/CTD,11-Jun-2013 15:46:25,20,20,41.8917,-69.3633,1280,13.58,OBL,STD,1150,201,245,206,08-Aug-0013,08-Aug-0013,PLANKTON,PLANKTON,16415617,32.1609992980957,13.6400003433228,206,162.657083332539,6B3I,281.886,7.13,Formalin,Poland,6B3Z,285.733,NaN,Not Sorted-- 1/4 aliquot available?,Formalin,0,NaN,-196
36801,67443,GU1302,21,21,BON/CTD,11-Jun-2013 17:51:20,21,21,41.6383,-69.3167,1240,12.82,OBL,STD,1015,170,0,176,08-Aug-0013,08-Aug-0013,PLANKTON,PLANKTON,16415618,31.3379993438721,12.8100004196167,176,162.743750035763,6B3I,236.912,7.18,Formalin,Poland,6B3Z,236.135,NaN,Not Sorted-- 1/4 aliquot available?,Formalin,0,NaN,-165
36802,67444,GU1302,22,23,BON/CTD,11-Jun-2013 19:39:11,22,22,41.4883,-69.1467,1240,12.03,OBL,STD,1232,158,234,163,08-Aug-0013,08-Aug-0013,PLANKTON,PLANKTON,16415619,31.6030006408691,12.0500001907349,163,162.818749964237,6B3I,285.155,5.54,Formalin,Poland,6B3Z,287.749,NaN,Not Sorted-- 1/4 aliquot available?,Formalin,0,NaN,-152
36803,67445,GU1302,23,24,BON/CTD,11-Jun-2013 21:45:00,23,23,41.245,-69.27,1230,10.18,OBL,STD,696,69,0,75,08-Aug-0013,08-Aug-0013,PLANKTON,PLANKTON,16415620,32.1209983825684,10.1599998474121,75,162.90625,6B3I,184.522,3.74,Formalin,Poland,6B3Z,168.311,NaN,Not Sorted-- 1/4 aliquot available?,Formalin,0,NaN,-56
36804,67446,GU1302,24,25,BON/CTD,12-Jun-2013 01:12:56,24,24,40.96,-68.7683,1130,11.24,OBL,STD,368,60,75,66,08-Aug-0013,08-Aug-0013,PLANKTON,PLANKTON,16415621,32.8650016784668,11.2600002288818,66,163.050000000745,6B3I,97.922,6.13,Formalin,Poland,6B3Z,99.68,NaN,Not Sorted-- 1/4 aliquot available?,Formalin,0,NaN,-67
36805,67447,GU1302,25,26,BON/CTD,12-Jun-2013 03:01:13,25,25,41.09,-68.49,1190,11.82,OBL,STD,444,47,60,52,08-Aug-0013,08-Aug-0013,PLANKTON,PLANKTON,16415622,32.8419990539551,11.8199996948242,52,163.125833332539,6B3I,149.675,3.14,Formalin,Poland,6B3Z,149.681,NaN,Not Sorted-- 1/4 aliquot available?,Formalin,0,NaN,-44
36806,67448,GU1302,26,27,BON/CTD,12-Jun-2013 04:54:46,26,26,40.9167,-68.355,1190,11.85,OBL,STD,482,47,63,51,08-Aug-0013,08-Aug-0013,PLANKTON,PLANKTON,16415623,32.9700012207031,11.8699998855591,51,163.204166665673,6B3I,134.524,3.49,Formalin,Poland,6B3Z,134.197,NaN,Not Sorted-- 1/4 aliquot available?,Formalin,0,NaN,-56
36807,67449,GU1302,27,28,BON/CTD,12-Jun-2013 06:24:22,27,27,40.7767,-68.4217,1190,11.25,OBL,STD,450,46,0,51,08-Aug-0013,08-Aug-0013,PLANKTON,PLANKTON,16415624,32.9360008239746,11.2600002288818,51,163.266666680574,6B3I,117.619,3.91,Formalin,Poland,6B3Z,121.535,NaN,Not Sorted-- 1/4 aliquot available?,Formalin,0,NaN,-56
36808,67450,GU1302,28,29,BON/CTD,12-Jun-2013 07:15:02,28,28,40.6983,-68.3867,1130,11.36,OBL,STD,472,58,83,65,08-Aug-0013,08-Aug-0013,PLANKTON,PLANKTON,16415625,32.8769989013672,11.3400001525879,65,163.302083343267,6B3I,120.33,4.82,Formalin,Poland,6B3Z,122.181,NaN,Not Sorted-- 1/4 aliquot available?,Formalin,0,NaN,-60
36809,67451,GU1302,29,30,BON/CTD,12-Jun-2013 10:04:45,29,29,40.4233,-67.995,1140,12.2,OBL,STD,1097,137,0,142,08-Aug-0013,08-Aug-0013,PLANKTON,PLANKTON,16415626,33.0390014648438,12.1999998092651,143,163.419583320618,6B3I,313.942,4.36,Formalin,Poland,6B3Z,310.411,NaN,Not Sorted-- 1/4 aliquot available?,Formalin,0,NaN,-142
36810,67452,GU1302,32,33,BON/CTD,12-Jun-2013 18:00:39,32,32,40.5483,-67.1217,1150,15.41,OBL,STD,1231,200,253,209,08-Aug-0013,08-Aug-0013,PLANKTON,PLANKTON,16415629,33.4280014038086,15.4099998474121,209,163.75,6B3I,312.028,6.41,Formalin,Poland,6B3Z,315.895,NaN,Not Sorted-- 1/4 aliquot available?,Formalin,0,NaN,-182
36811,67453,GU1302,33,34,BON/CTD,12-Jun-2013 21:35:49,33,33,40.9767,-67.2483,1130,11.84,OBL,STD,568,72,101,76,08-Aug-0013,08-Aug-0013,PLANKTON,PLANKTON,16415630,32.9220008850098,11.8400001525879,76,163.89916664362,6B3I,148.638,4.84,Formalin,Poland,6B3Z,157.02,NaN,Not Sorted-- 1/4 aliquot available?,Formalin,0,NaN,-63
36812,67454,GU1302,35,36,BON/CTD,13-Jun-2013 01:34:34,35,35,41.0617,-67.7367,1190,12.19,OBL,STD,442,49,58,55,08-Aug-0013,08-Aug-0013,PLANKTON,PLANKTON,16415632,33.0009994506836,12.1899995803833,55,164.065416671336,6B3I,99.677,4.92,Formalin,Poland,6B3Z,103.228,NaN,Not Sorted-- 1/4 aliquot available?,Formalin,0,NaN,-50
36813,67455,GU1302,36,37,BON/CTD,13-Jun-2013 02:58:42,36,36,41.105,-67.965,1190,12.62,OBL,STD,391,37,45,40,08-Aug-0013,08-Aug-0013,PLANKTON,PLANKTON,16415633,32.9519996643066,12.6199998855591,40,164.123750001192,6B3I,88.912,4.16,Formalin,Poland,6B3Z,91.615,NaN,Not Sorted-- 1/4 aliquot available?,Formalin,0,NaN,-39
36814,67456,GU1302,37,38,BON/CTD,13-Jun-2013 08:12:36,37,37,41.715,-68.3717,1210,12.19,OBL,STD,445,76,0,83,08-Aug-0013,08-Aug-0013,PLANKTON,PLANKTON,16415634,32.2700004577637,12.3000001907349,83,164.341666668653,6B3I,70.571,10.77,Formalin,Poland,6B3Z,133.31,NaN,Not Sorted-- 1/4 aliquot available?,Formalin,0,NaN,-181
36815,67457,GU1302,38,39,BON/CTD,13-Jun-2013 10:07:44,38,38,41.74,-68.0233,1200,11.36,OBL,STD,470,31,0,35,08-Aug-0013,08-Aug-0013,PLANKTON,PLANKTON,16415635,32.4000015258789,11.3800001144409,35,164.421666651964,6B3I,183.166,1.69,Formalin,Poland,6B3Z,129.681,NaN,Not Sorted-- 1/4 aliquot available?,Formalin,0,NaN,-36
36816,67458,GU1302,39,40,BON/CTD,13-Jun-2013 14:13:48,39,39,42.25,-68.0933,1290,12.87,OBL,STD,1518,178,0,187,08-Aug-0013,08-Aug-0013,PLANKTON,PLANKTON,16415636,32.5900001525879,12.8900003433228,187,164.592500030994,6B3I,540.248,3.29,Formalin,Poland,6B3Z,552.433,NaN,Not Sorted-- 1/4 aliquot available?,Formalin,0,NaN,-178
36817,67459,GU1302,40,41,BON/CTD,13-Jun-2013 18:51:22,40,40,42.87,-68.495,1370,12.3,OBL,STD,1181,185,245,187,08-Aug-0013,08-Aug-0013,PLANKTON,PLANKTON,16415637,32.1679992675781,12.6400003433228,187,164.785416662693,6B3I,296.08,6.25,Formalin,Poland,6B3Z,309.04,NaN,Not Sorted-- 1/4 aliquot available?,Formalin,0,NaN,-176
36818,67460,GU1302,41,43,BON/CTD,13-Jun-2013 21:28:35,41,41,43.1983,-68.65,1370,12.98,OBL,STD,1215,162,247,169,08-Aug-0013,08-Aug-0013,PLANKTON,PLANKTON,-99,-99,-99,-99,0,6B3I,294.006,5.51,Formalin,Poland,6B3Z,301.621,NaN,Not Sorted-- 1/4 aliquot available?,Formalin,0,NaN,-177
36819,67461,GU1302,42,44,BON/CTD,14-Jun-2013 02:22:14,42,42,43.8333,-69.13,3810,10.36,OBL,STD,487,43,0,49,08-Aug-0013,08-Aug-0013,PLANKTON,PLANKTON,-99,-99,-99,-99,0,6B3I,146.006,2.95,Formalin,Poland,6B3Z,151.133,NaN,Not Sorted-- 1/4 aliquot available?,Formalin,0,NaN,-33
36820,67462,GU1302,44,46,BON/CTD,14-Jun-2013 06:56:09,44,44,44.0067,-68.4833,1390,9.4,OBL,STD,525,82,0,87,08-Aug-0013,08-Aug-0013,PLANKTON,PLANKTON,-99,-99,-99,-99,0,6B3I,120.728,6.79,Formalin,Poland,6B3Z,125.003,NaN,Not Sorted-- 1/4 aliquot available?,Formalin,0,NaN,-58
36821,67463,GU1302,47,49,BON/CTD,14-Jun-2013 16:58:16,47,47,44.23,-66.8783,1351,9.59,OBL,STD,1399,181,276,189,08-Aug-0013,08-Aug-0013,PLANKTON,PLANKTON,-99,-99,-99,-99,0,6B3I,379.888,4.76,Formalin,Poland,6B3Z,394.123,NaN,Not Sorted-- 1/4 aliquot available?,Formalin,0,NaN,-171
36822,67464,GU1302,48,50,BON/CTD,14-Jun-2013 20:31:32,48,48,43.945,-67.4017,1340,10.59,OBL,STD,1352,200,277,200,08-Aug-0013,08-Aug-0013,PLANKTON,PLANKTON,-99,-99,-99,-99,0,6B3I,355.168,5.63,Formalin,Poland,6B3Z,367.429,NaN,Not Sorted-- 1/4 aliquot available?,Formalin,0,NaN,-188
36823,67465,GU1302,49,51,BON/CTD,15-Jun-2013 02:31:12,49,49,43.3,-68.3533,1380,12.07,OBL,STD,1538,164,310,165,08-Aug-0013,08-Aug-0013,PLANKTON,PLANKTON,-99,-99,-99,-99,0,6B3I,376.14,4.36,Formalin,Poland,6B3Z,390.171,NaN,Not Sorted-- 1/4 aliquot available?,Formalin,0,NaN,-181
36824,67466,GU1302,50,53,BON/CTD,15-Jun-2013 08:30:29,50,50,43.13,-69.27,1370,12.16,OBL,STD,1073,171,0,181,08-Aug-0013,08-Aug-0013,PLANKTON,PLANKTON,-99,-99,-99,-99,0,6B3I,272.237,6.28,Formalin,Poland,6B3Z,280.572,NaN,Not Sorted-- 1/4 aliquot available?,Formalin,0,NaN,-202
36825,67467,GU1302,52,55,BON/CTD,15-Jun-2013 19:35:01,52,52,42.505,-69.655,1280,13.73,OBL,FXD,1420,201,312,256,08-Aug-0013,08-Aug-0013,PLANKTON,PLANKTON,16415650,32.398998260498,14.2600002288818,256,166.815833330154,6B3I,349.506,5.75,Formalin,Poland,6B3Z,361.783,NaN,Not Sorted-- 1/4 aliquot available?,Formalin,0,NaN,-252
36826,67468,GU1302,54,57,BON/CTD,15-Jun-2013 22:06:35,54,54,42.4717,-70.04,1260,14.83,OBL,STD,804,103,0,109,08-Aug-0013,13-Feb-0014,PLANKTON,PLANKTON,16415652,31.7310009002686,14.6700000762939,109,166.920833349228,6B3I,203.899,5.05,Formalin,Poland,6B3Z,211.941,NaN,Not Sorted-- 1/4 aliquot available?,Formalin,0,NaN,-93
36827,67469,GU1302,55,58,BON/CTD,16-Jun-2013 01:03:11,55,55,42.4283,-70.5967,1260,13.92,OBL,FXD,714,82,150,89,08-Aug-0013,08-Aug-0013,PLANKTON,PLANKTON,16415653,29.9370002746582,13.9300003051758,89,167.043749999255,6B3I,201.267,4.07,Formalin,Poland,6B3Z,209.925,NaN,Not Sorted-- 1/4 aliquot available?,Formalin,0,NaN,-74
36828,67470,GU1302,57,60,BON/CTD,16-Jun-2013 02:30:06,57,57,42.3983,-70.4983,1260,14.17,OBL,STD,858,83,177,89,08-Aug-0013,08-Aug-0013,PLANKTON,PLANKTON,16415655,29.1860008239746,14.539999961853,89,167.104166664183,6B3I,251.823,3.3,Formalin,Poland,6B3Z,155.488,NaN,Not Sorted-- 1/4 aliquot available?,Formalin,0,NaN,-86
36829,67471,GU1302,60,63,BON/CTD,16-Jun-2013 08:35:45,60,60,41.8933,-70.4283,3600,14.52,OBL,STD,444,29,0,35,08-Aug-0013,08-Aug-0013,PLANKTON,PLANKTON,16415658,30.6660003662109,14.5200004577637,35,167.357499986887,6B3I,100.953,5.75,Formalin,Poland,6B3Z,26.775,NaN,Not Sorted-- 1/4 aliquot available?,Formalin,0,NaN,-27
36830,67472,GU1302,61,64,BON/CTD,16-Jun-2013 20:44:59,61,61,40.585,-71.0433,1060,13.96,OBL,STD,417,68,77,72,08-Aug-0013,08-Aug-0013,PLANKTON,PLANKTON,16415659,32.8409996032715,14.0200004577637,72,167.863749980927,6B3I,102.946,6.61,Formalin,Poland,6B3Z,91.293,NaN,Not Sorted-- 1/4 aliquot available?,Formalin,0,NaN,-71
36831,67473,GU1302,62,65,BON/CTD,16-Jun-2013 23:44:30,62,62,40.8683,-71.48,1060,14.56,OBL,STD,386,56,64,60,08-Aug-0013,08-Aug-0013,PLANKTON,PLANKTON,16415660,32.7369995117188,14.5600004196167,60,167.988749980927,6B3I,146.715,3.82,Formalin,Poland,6B3Z,145.516,NaN,Not Sorted-- 1/4 aliquot available?,Formalin,0,NaN,-56
36832,67474,GU1302,63,66,BON/CTD,17-Jun-2013 02:09:56,63,63,40.8867,-71.8983,1050,15.48,OBL,STD,296,31,35,35,08-Aug-0013,08-Aug-0013,PLANKTON,PLANKTON,16415661,30.9230003356934,15.4700002670288,35,168.089583337307,6B3I,86.879,3.57,Formalin,Poland,6B3Z,85.736,NaN,Not Sorted-- 1/4 aliquot available?,Formalin,0,NaN,-34
36833,67475,GU1302,64,67,BON/CTD,17-Jun-2013 03:21:22,64,64,40.9317,-72.055,3050,15.84,OBL,STD,406,22,26,27,08-Aug-0013,08-Aug-0013,PLANKTON,PLANKTON,16415662,31.1009998321533,15.8500003814697,27,168.139583334327,6B3I,96.494,2.28,Formalin,Poland,6B3Z,102.691,NaN,Not Sorted-- 1/4 aliquot available?,Formalin,0,NaN,-24
36834,67476,GU1302,65,68,BON/CTD,17-Jun-2013 05:30:04,65,65,40.7533,-72.3267,1050,15.39,OBL,STD,553,38,0,43,08-Aug-0013,08-Aug-0013,PLANKTON,PLANKTON,16415663,31.375,15.3800001144409,43,168.229166671634,6B3I,154.184,2.46,Formalin,Poland,6B3Z,152.158,NaN,Not Sorted-- 1/4 aliquot available?,Formalin,0,NaN,-37
36835,67477,GU1302,66,69,BON/CTD,17-Jun-2013 09:08:22,66,66,40.4167,-71.8183,1060,14.7,OBL,STD,494,66,0,71,08-Aug-0013,08-Aug-0013,PLANKTON,PLANKTON,16415664,32.7540016174316,14.6999998092651,71,168.380416661501,6B3I,131.52,5.02,Formalin,Poland,6B3Z,130.047,NaN,Not Sorted-- 1/4 aliquot available?,Formalin,0,NaN,-72
36836,67478,GU1302,67,70,BON/CTD,17-Jun-2013 10:42:40,67,67,40.37,-71.555,1060,14.92,OBL,STD,580,76,0,80,08-Aug-0013,08-Aug-0013,PLANKTON,PLANKTON,16415665,33.2519989013672,14.9300003051758,81,168.445833325386,6B3I,177.019,4.29,Formalin,Poland,6B3Z,178.203,NaN,Not Sorted-- 1/4 aliquot available?,Formalin,0,NaN,-82
36837,67479,GU1302,68,71,BON/CTD,17-Jun-2013 12:27:37,68,68,40.15,-71.4767,1060,15.06,OBL,STD,606,80,0,88,08-Aug-0013,08-Aug-0013,PLANKTON,PLANKTON,16415666,33.298999786377,15.0699996948242,88,168.518750011921,6B3I,185.432,4.31,Formalin,Poland,6B3Z,178.028,NaN,Not Sorted-- 1/4 aliquot available?,Formalin,0,NaN,-88
36838,67480,GU1302,69,72,BON/CTD,17-Jun-2013 15:50:22,69,69,40.2317,-72.1417,1020,15.51,OBL,STD,431,62,0,67,08-Aug-0013,08-Aug-0013,PLANKTON,PLANKTON,16415668,32.6870002746582,15.5600004196167,67,168.659583330154,6B3I,128.257,4.83,Formalin,Poland,6B3Z,126.551,NaN,Not Sorted-- 1/4 aliquot available?,Formalin,0,NaN,-65
36839,67481,GU1302,70,73,BON/CTD,17-Jun-2013 17:40:58,70,70,40.0017,-72.2433,1020,15.85,OBL,STD,574,77,114,82,08-Aug-0013,08-Aug-0013,PLANKTON,PLANKTON,16415669,32.576000213623,16.2900009155273,82,168.736249983311,6B3I,159.163,4.84,Formalin,Poland,6B3Z,159.412,NaN,Not Sorted-- 1/4 aliquot available?,Formalin,0,NaN,-77
36840,67482,GU1302,71,74,BON/CTD,17-Jun-2013 18:58:31,71,71,39.995,-72.425,1020,16.27,OBL,STD,552,71,108,74,08-Aug-0013,08-Aug-0013,PLANKTON,PLANKTON,16415670,32.3310012817383,16.0699996948242,74,168.790416657925,6B3I,147.402,4.82,Formalin,Poland,6B3Z,146.914,NaN,Not Sorted-- 1/4 aliquot available?,Formalin,0,NaN,-71
36841,67483,GU1302,72,75,BON/CTD,18-Jun-2013 00:05:30,72,72,40.63,-73.0033,3080,16.52,OBL,STD,234,17,24,21,08-Aug-0013,08-Aug-0013,PLANKTON,PLANKTON,-99,-99,-99,-99,0,6B3I,85.419,1.99,Formalin,Poland,6B3Z,86.873,NaN,Not Sorted-- 1/4 aliquot available?,Formalin,0,NaN,-18
36842,67484,GU1302,73,76,BON/CTD,18-Jun-2013 03:40:05,73,73,40.295,-73.54,1010,16.5,OBL,STD,674,28,54,30,08-Aug-0013,08-Aug-0013,PLANKTON,PLANKTON,16415672,31.6669998168945,16.5,30,169.152916669846,6B3I,188.523,1.49,Formalin,Poland,6B3Z,189.739,NaN,Not Sorted-- 1/4 aliquot available?,Formalin,0,NaN,-24
36843,67485,GU1302,74,77,BON/CTD,18-Jun-2013 05:59:40,74,74,40.1167,-73.31,1010,16.29,OBL,STD,572,36,64,42,08-Aug-0013,08-Aug-0013,PLANKTON,PLANKTON,16415673,31.9500007629395,16.2999992370605,42,169.249166667461,6B3I,192.901,1.87,Formalin,Poland,6B3Z,190.788,NaN,Not Sorted-- 1/4 aliquot available?,Formalin,0,NaN,-36
36844,67486,GU1302,75,79,BON/CTD,18-Jun-2013 12:12:27,75,75,39.8833,-73.885,3170,18.12,OBL,STD,382,20,25,24,08-Aug-0013,08-Aug-0013,PLANKTON,PLANKTON,16415677,29.0459995269775,18.1399993896484,25,169.508333325386,6B3I,128.086,1.56,Formalin,Poland,6B3Z,122.356,NaN,Not Sorted-- 1/4 aliquot available?,Formalin,0,NaN,-22
36845,67487,GU1302,76,80,BON/CTD,18-Jun-2013 13:09:02,76,76,39.7883,-73.9733,3170,18,OBL,STD,432,15,0,20,08-Aug-0013,08-Aug-0013,PLANKTON,PLANKTON,16415678,29.5970001220703,18.0400009155273,20,169.547916650772,6B3I,122.334,1.23,Formalin,Poland,6B3Z,126.551,NaN,Not Sorted-- 1/4 aliquot available?,Formalin,0,NaN,-16
36846,67488,GU1302,78,82,BON/CTD,18-Jun-2013 17:10:09,78,78,39.76,-73.395,1010,17.64,OBL,STD,453,34,41,38,08-Aug-0013,08-Aug-0013,PLANKTON,PLANKTON,16415682,31.5650005340576,17.7299995422363,38,169.715416669846,6B3I,144.397,2.35,Formalin,Poland,6B3Z,144.38,NaN,Not Sorted-- 1/4 aliquot available?,Formalin,0,NaN,-36
36847,67489,GU1302,79,83,BON/CTD,18-Jun-2013 18:48:30,79,79,39.825,-73.2517,1010,16.97,OBL,STD,452,40,53,45,08-Aug-0013,08-Aug-0013,PLANKTON,PLANKTON,16415683,31.7180004119873,17.1900005340576,45,169.783333301544,6B3I,135.297,2.96,Formalin,Poland,6B3Z,135.728,NaN,Not Sorted-- 1/4 aliquot available?,Formalin,0,NaN,-46
36848,67490,GU1302,80,84,BON/CTD,18-Jun-2013 22:06:53,80,80,39.6967,-72.665,1020,17.3,OBL,STD,513,67,94,70,08-Aug-0013,08-Aug-0013,PLANKTON,PLANKTON,16415686,32.4930000305176,17.2999992370605,70,169.920833349228,6B3I,145.599,4.6,Formalin,Poland,6B3Z,146.04,NaN,Not Sorted-- 1/4 aliquot available?,Formalin,0,NaN,-74
36849,67491,GU1302,81,85,BON/CTD,19-Jun-2013 00:53:13,81,81,39.3633,-72.3567,1030,16.41,OBL,STD,1179,146,250,151,08-Aug-0013,08-Aug-0013,PLANKTON,PLANKTON,16415688,32.7140007019043,16.4899997711182,151,170.036666665226,6B3I,339.015,4.31,Formalin,Poland,6B3Z,340.936,NaN,Not Sorted-- 1/4 aliquot available?,Formalin,0,NaN,-144
36850,67492,GU1302,85,89,BON/CTD,19-Jun-2013 11:16:06,85,85,39.155,-73.7267,1730,17.27,OBL,STD,320,29,0,36,08-Aug-0013,08-Aug-0013,PLANKTON,PLANKTON,16415695,31.8619995117188,17.2700004577637,36,170.469583362341,6B3I,108.169,2.68,Formalin,Poland,6B3Z,128.474,NaN,Not Sorted-- 1/4 aliquot available?,Formalin,0,NaN,-43
36851,67493,GU1302,86,90,BON/CTD,19-Jun-2013 13:08:35,86,86,38.9367,-73.9783,1730,17.89,OBL,STD,511,30,0,37,08-Aug-0013,08-Aug-0013,PLANKTON,PLANKTON,16415697,32.3079986572266,17.8899993896484,37,170.547083318233,6B3I,179.337,1.67,Formalin,Poland,6B3Z,166.229,NaN,Not Sorted-- 1/4 aliquot available?,Formalin,0,NaN,-39
36852,67494,GU1302,87,91,BON/CTD,19-Jun-2013 14:25:31,87,87,38.8067,-73.8683,1730,18.11,OBL,STD,487,43,0,47,08-Aug-0013,08-Aug-0013,PLANKTON,PLANKTON,16415698,32.298999786377,18.1100006103516,47,170.60083335638,6B3I,164.829,2.61,Formalin,Poland,6B3Z,166.928,NaN,Not Sorted-- 1/4 aliquot available?,Formalin,0,NaN,-44
36853,67495,GU1302,88,92,BON/CTD,19-Jun-2013 15:17:15,88,88,38.8567,-73.7817,1730,18.09,OBL,STD,404,42,55,47,08-Aug-0013,08-Aug-0013,PLANKTON,PLANKTON,16415699,32.1590003967285,18.1000003814697,47,170.63666665554,6B3I,117.355,3.58,Formalin,Poland,6B3Z,119.734,NaN,Not Sorted-- 1/4 aliquot available?,Formalin,0,NaN,-39
36854,67496,GU1302,89,93,BON/CTD,19-Jun-2013 17:22:19,89,89,38.945,-73.4667,1740,17.72,OBL,STD,345,53,66,58,08-Aug-0013,08-Aug-0013,PLANKTON,PLANKTON,16415701,31.7880001068115,17.7199993133545,58,170.723750054836,6B3I,80.697,6.57,Formalin,Poland,6B3Z,81.104,NaN,Not Sorted-- 1/4 aliquot available?,Formalin,0,NaN,-56
36854,67497,GU1302,89,94,BON/CTD,19-Jun-2013 17:34:45,90,89,38.9467,-73.4617,1740,17.77,OBL,GC,453,53,73,59,08-Aug-0013,08-Aug-0013,PLANKTON,PLANKTON,16415702,31.7770004272461,17.7600002288818,59,170.732083320618,6B3I,118.372,4.48,Formalin,Poland,6B5I,129.625,4.09,Poland,Formalin,0,0,-57
36855,67498,GU1302,91,95,BON/CTD,19-Jun-2013 21:55:04,91,91,38.8083,-73.21,1740,17.46,OBL,STD,483,77,91,82,08-Aug-0013,08-Aug-0013,PLANKTON,PLANKTON,16415704,32.1450004577637,17.4699993133545,82,170.91333335638,6B3I,139.16,5.53,Formalin,Poland,6B3Z,156.615,NaN,Not Sorted-- 1/4 aliquot available?,Formalin,0,NaN,-79
36855,67499,GU1302,91,96,BON/CTD,19-Jun-2013 22:08:01,92,91,38.8133,-73.2017,1740,17.4,OBL,GC,544,77,118,81,08-Aug-0013,08-Aug-0013,PLANKTON,PLANKTON,16415705,32.1619987487793,17.4200000762939,81,170.922083318233,6B3I,146.124,5.27,Formalin,Poland,6B5I,167.925,4.59,Poland,Formalin,0,0,-79
36856,67500,GU1302,93,97,BON/CTD,19-Jun-2013 23:02:08,93,93,38.8067,-73.325,1740,17.43,OBL,STD,647,70,108,76,08-Aug-0013,08-Aug-0013,PLANKTON,PLANKTON,16415706,32.2509994506836,17.4599990844727,76,170.959583342075,6B3I,234.28,2.99,Formalin,Poland,6B3Z,218.667,NaN,Not Sorted-- 1/4 aliquot available?,Formalin,0,NaN,-72
36856,67501,GU1302,93,98,BON/CTD,19-Jun-2013 23:15:36,94,93,38.8133,-73.3183,1740,17.41,OBL,GC,679,71,108,76,08-Aug-0013,08-Aug-0013,PLANKTON,PLANKTON,16415707,32.2459983825684,17.4300003051758,76,170.96875,6B3I,156.238,4.54,Formalin,Poland,6B5I,180.003,3.94,Poland,Formalin,0,0,-72
36857,67502,GU1302,95,99,BON/CTD,20-Jun-2013 02:45:52,95,95,38.3717,-73.7183,1700,17.73,OBL,STD,896,101,180,104,08-Aug-0013,08-Aug-0013,PLANKTON,PLANKTON,16415710,32.2470016479492,17.7299995422363,104,171.114583335817,6B3I,280.982,3.59,Formalin,Poland,6B3Z,283.866,NaN,Not Sorted-- 1/4 aliquot available?,Formalin,0,NaN,-83
36857,67503,GU1302,95,100,BON/CTD,20-Jun-2013 03:03:37,96,95,38.3633,-73.7117,1700,17.72,OBL,GC,921,105,186,109,08-Aug-0013,08-Aug-0013,PLANKTON,PLANKTON,16415711,32.3450012207031,17.7299995422363,109,171.127083331347,6B3I,263.767,3.98,Formalin,Poland,6B5I,299.949,3.5,Poland,Formalin,0,0,-78
36858,67504,GU1302,97,101,BON/CTD,20-Jun-2013 05:04:19,97,97,38.345,-74.0317,1700,18.2,OBL,STD,443,60,0,65,08-Aug-0013,08-Aug-0013,PLANKTON,PLANKTON,16415713,32.2820014953613,18.2099990844727,65,171.211250007153,6B3I,122.506,4.9,Formalin,Poland,6B3Z,80.143,NaN,Not Sorted-- 1/4 aliquot available?,Formalin,0,NaN,-58
36858,67505,GU1302,97,102,BON/CTD,20-Jun-2013 05:13:41,98,97,38.3417,-74.0283,1700,18.17,OBL,GC,464,61,87,66,08-Aug-0013,08-Aug-0013,PLANKTON,PLANKTON,16415714,32.2859992980957,18.2000007629395,66,171.217499986291,6B3I,127.029,4.8,Formalin,Poland,6B5I,145.673,4.19,Poland,Formalin,0,0,-58
36859,67506,GU1302,98,103,BON/CTD,20-Jun-2013 07:04:41,99,98,38.5483,-74.0683,1690,18.38,OBL,STD,442,52,0,58,08-Aug-0013,08-Aug-0013,PLANKTON,PLANKTON,16415716,32.2799987792969,18.3799991607666,59,171.29458335042,6B3I,117.63,4.42,Formalin,Poland,6B3Z,113.841,NaN,Not Sorted-- 1/4 aliquot available?,Formalin,0,NaN,-56
36859,67507,GU1302,98,104,BON/CTD,20-Jun-2013 07:14:12,100,98,38.5433,-74.0667,1690,18.38,OBL,GC,505,55,0,59,08-Aug-0013,08-Aug-0013,PLANKTON,PLANKTON,16415717,32.2779998779297,18.3799991607666,59,171.301250010729,6B3I,141.35,3.89,Formalin,Poland,6B5I,162.383,3.39,Poland,Formalin,0,0,-56
36860,67508,GU1302,99,105,BON/CTD,20-Jun-2013 09:40:49,101,99,38.6317,-74.5017,1690,18.41,OBL,STD,543,31,55,36,08-Aug-0013,08-Aug-0013,PLANKTON,PLANKTON,16415718,32.2190017700195,18.4099998474121,36,171.402916669846,6B3I,156.758,1.98,Formalin,Poland,6B3Z,153.325,NaN,Not Sorted-- 1/4 aliquot available?,Formalin,0,NaN,-32
36860,67509,GU1302,99,106,BON/CTD,20-Jun-2013 09:55:31,102,99,38.6267,-74.5033,1690,18.42,OBL,GC,414,28,42,37,08-Aug-0013,08-Aug-0013,PLANKTON,PLANKTON,16415719,32.2150001525879,18.4300003051758,37,171.413333326578,6B3I,119.343,2.35,Formalin,Poland,6B5I,138.063,2.03,Poland,Formalin,0,0,-32
36861,67510,GU1302,100,107,BON/CTD,20-Jun-2013 12:53:44,103,100,38.9567,-74.7583,3220,18.13,OBL,STD,771,12,15,15,08-Aug-0013,08-Aug-0013,PLANKTON,PLANKTON,16415721,31.5359992980957,18.1700000762939,15,171.536666691303,6B3I,225.009,1.07,Formalin,Poland,6B3Z,224.348,NaN,Not Sorted-- 1/4 aliquot available?,Formalin,0,NaN,-10
36861,67511,GU1302,100,108,BON/CTD,20-Jun-2013 13:08:23,104,100,38.95,-74.7567,3220,18.14,OBL,GC,378,10,10,13,08-Aug-0013,08-Aug-0013,PLANKTON,PLANKTON,16415723,31.5370006561279,18.2199993133545,13,171.547083318233,6B3I,119.909,0.83,Formalin,Poland,6B5I,137.566,0.73,Poland,Formalin,0,0,-10
36862,67512,GU1302,101,109,BON/CTD,20-Jun-2013 16:25:47,105,101,38.455,-74.7267,1690,19.66,OBL,STD,380,28,28,33,08-Aug-0013,08-Aug-0013,PLANKTON,PLANKTON,16415725,32.148998260498,19.7900009155273,33,171.684166669846,6B3I,85.505,3.27,Formalin,Poland,6B3Z,85.037,NaN,Not Sorted-- 1/4 aliquot available?,Formalin,0,NaN,-29
36862,67513,GU1302,101,111,BON/CTD,20-Jun-2013 16:50:51,107,101,38.4417,-74.7233,1690,19.65,OBL,GC,359,28,29,33,08-Aug-0013,08-Aug-0013,PLANKTON,PLANKTON,16415726,32.1510009765625,19.7399997711182,33,171.701250016689,6B3I,76.136,3.68,Formalin,Poland,6B5I,87.023,3.22,Poland,Formalin,0,0,-29
36864,67517,GU1302,106,115,BON/CTD,20-Jun-2013 20:14:10,111,106,38.2033,-74.9517,3290,19.53,OBL,GC,352,20,24,22,08-Aug-0013,08-Aug-0013,PLANKTON,PLANKTON,16415731,31.6389999389648,19.5200004577637,23,171.842916667461,6B3I,58.903,3.4,Formalin,Poland,6B5I,67.749,2.95,Poland,Formalin,0,0,-19
36863,67514,GU1302,104,112,BON/CTD,20-Jun-2013 18:17:58,108,104,38.2467,-74.705,1690,19.73,OBL,STD,394,26,33,29,08-Aug-0013,08-Aug-0013,PLANKTON,PLANKTON,16415727,32.1959991455078,19.7800006866455,29,171.761666715145,6B3I,124.308,2.09,Formalin,Poland,6B3Z,122.88,NaN,Not Sorted-- 1/4 aliquot available?,Formalin,0,NaN,-25
36863,67515,GU1302,104,113,BON/CTD,20-Jun-2013 18:27:02,109,104,38.245,-74.6983,1690,19.75,OBL,GC,534,31,47,36,08-Aug-0013,08-Aug-0013,PLANKTON,PLANKTON,16415728,32.181999206543,19.7999992370605,36,171.768750011921,6B3I,167.484,1.85,Formalin,Poland,6B5I,193.569,1.6,Poland,Formalin,0,0,-29
36864,67516,GU1302,106,114,BON/CTD,20-Jun-2013 20:04:48,110,106,38.2033,-74.955,3290,19.29,OBL,STD,391,17,23,22,08-Aug-0013,08-Aug-0013,PLANKTON,PLANKTON,16415730,31.5799999237061,19.3600006103516,22,171.836250007153,6B3I,102.589,1.66,Formalin,Poland,6B3Z,100.944,NaN,Not Sorted-- 1/4 aliquot available?,Formalin,0,NaN,-19
36865,67518,GU1302,109,117,BON/CTD,21-Jun-2013 00:22:34,113,109,37.8433,-74.555,1690,19.07,OBL,OT,401,51,70,55,08-Aug-0013,08-Aug-0013,PLANKTON,PLANKTON,16415734,32.3559989929199,19.0699996948242,55,172.015416666865,6B3I,118.213,4.31,Formalin,Poland,6B3I,120.171,4.24,Narragansett,Ethanol,0,0,-48
36866,67519,GU1302,110,119,BON/CTD,21-Jun-2013 01:35:05,115,110,37.775,-74.4233,1700,18.66,OBL,OT,448,60,72,63,08-Aug-0013,08-Aug-0013,PLANKTON,PLANKTON,16415736,32.4329986572266,18.6700000762939,63,172.065833337605,6B3I,110.058,5.45,Formalin,Poland,6B3I,109.858,5.46,Narragansett,Ethanol,0,0,-59
36867,67520,GU1302,111,120,BON/CTD,21-Jun-2013 02:45:28,116,111,37.7033,-74.26,1700,20.85,OBL,OT,588,102,122,104,08-Aug-0013,08-Aug-0013,PLANKTON,PLANKTON,16415737,35.0410003662109,20.8700008392334,104,172.114583335817,6B3I,162.425,6.28,Formalin,Poland,6B3I,164.219,6.21,Narragansett,Ethanol,0,0,-92
36868,67521,GU1302,113,122,BON/CTD,21-Jun-2013 04:01:28,118,113,37.6517,-74.1417,NaN,21.27,OBL,OT,957,192,200,198,08-Aug-0013,08-Aug-0013,PLANKTON,PLANKTON,16415739,35.326000213623,21.2800006866455,198,172.167500004172,6B3I,207.131,9.27,Formalin,Poland,6B3I,194.103,9.89,Narragansett,Ethanol,0,0,-453
36869,67522,GU1302,114,123,BON/CTD,21-Jun-2013 05:11:19,119,114,37.5917,-74.0133,NaN,20.39,OBL,OT,1185,201,242,1400,08-Aug-0013,08-Aug-0013,PLANKTON,PLANKTON,16415740,34.2280006408691,20.3999996185303,1400,172.215833321214,6B3I,264.201,7.61,Formalin,Poland,6B3I,257.288,7.81,Narragansett,Ethanol,0,0,-1357
36870,67523,GU1302,115,124,BON/CTD,21-Jun-2013 06:27:31,120,115,37.5383,-73.8817,NaN,20.02,OBL,OT,1407,201,296,251,08-Aug-0013,08-Aug-0013,PLANKTON,PLANKTON,16415741,33.7350006103516,20.0300006866455,251,172.268749982119,6B3I,380.876,5.28,Formalin,Poland,6B3I,376.102,5.34,Narragansett,Ethanol,0,0,-1636
36871,67524,GU1302,116,125,BON/CTD,21-Jun-2013 07:52:01,121,116,37.48,-73.7433,NaN,19.92,OBL,OT,1321,202,0,2000,08-Aug-0013,08-Aug-0013,PLANKTON,PLANKTON,16415742,33.439998626709,19.9300003051758,2000,172.327916651964,6B3I,333.594,6.06,Formalin,Poland,6B3I,329.658,6.13,Narragansett,Ethanol,0,0,-1904
36872,67525,GU1302,117,126,BON/CTD,21-Jun-2013 09:09:36,122,117,37.4233,-73.61,NaN,19.91,OBL,OT,1038,201,0,2000,08-Aug-0013,08-Aug-0013,PLANKTON,PLANKTON,16415743,33.4700012207031,19.9400005340576,2000,172.38124999404,6B3I,369.078,5.45,Formalin,Poland,6B3I,363.396,5.53,Narragansett,Ethanol,0,0,-2222
36873,67526,GU1302,118,127,BON/CTD,21-Jun-2013 11:09:32,123,118,37.2017,-73.71,NaN,22.12,OBL,OT,1252,201,0,2000,08-Aug-0013,08-Aug-0013,PLANKTON,PLANKTON,16415745,34.0880012512207,22.1299991607666,2000,172.464583307505,6B3I,376.943,5.33,Formalin,Poland,6B3I,374.986,5.36,Narragansett,Ethanol,0,0,-2352
36874,67527,GU1302,119,128,BON/CTD,21-Jun-2013 12:25:46,124,119,37.26,-73.8383,NaN,20.84,OBL,OT,1164,202,252,2000,08-Aug-0013,08-Aug-0013,PLANKTON,PLANKTON,16415746,33.3699989318848,20.8500003814697,2000,172.517499983311,6B3I,288.498,7,Formalin,Poland,6B3I,288.021,7.01,Narragansett,Ethanol,0,0,-2130
36875,67528,GU1302,120,129,BON/CTD,21-Jun-2013 13:41:51,125,120,37.3217,-73.965,NaN,19.75,OBL,OT,1325,201,294,2000,08-Aug-0013,08-Aug-0013,PLANKTON,PLANKTON,16415748,33.3860015869141,19.75,2000,172.569999992847,6B3I,397.569,5.06,Formalin,Poland,6B3I,344.424,5.84,Narragansett,Ethanol,0,0,-1875
36876,67529,GU1302,121,130,BON/CTD,21-Jun-2013 15:13:17,126,121,37.385,-74.095,NaN,20.9,OBL,OT,1415,201,305,1800,08-Aug-0013,08-Aug-0013,PLANKTON,PLANKTON,16415749,34.734001159668,20.8999996185303,1800,172.634166657925,6B3I,336.741,5.97,Formalin,Poland,6B3I,387.434,5.19,Narragansett,Ethanol,0,0,-1569
36877,67530,GU1302,122,131,BON/CTD,21-Jun-2013 16:42:01,127,122,37.4533,-74.22,NaN,21.36,OBL,OT,1369,201,287,406,08-Aug-0013,08-Aug-0013,PLANKTON,PLANKTON,16415750,35.2169990539551,21.3600006103516,406,172.695833384991,6B3I,387.949,5.18,Formalin,Poland,6B3I,389.441,5.16,Narragansett,Ethanol,0,0,-1017
36878,67531,GU1302,123,132,BON/CTD,21-Jun-2013 18:04:49,128,123,37.5217,-74.3517,1670,20.62,OBL,STD,862,107,162,162,08-Aug-0013,08-Aug-0013,PLANKTON,PLANKTON,-99,-99,-99,-99,0,6B3I,0.086,12441.86,Formalin,Poland,6B3Z,0.087,NaN,Not Sorted-- 1/4 aliquot available?,Formalin,0,NaN,-119
36878,67532,GU1302,123,133,BON/CTD,21-Jun-2013 18:26:22,129,123,37.5133,-74.3433,1680,21.17,OBL,GC,1841,199,228,228,08-Aug-0013,08-Aug-0013,PLANKTON,PLANKTON,16415751,35.1570014953613,21.1599998474121,228,172.767916679382,6B3I,443.469,4.49,Formalin,Poland,6B5I,521.396,3.82,Poland,Formalin,0,0,-119
36879,67533,GU1302,124,134,BON/CTD,21-Jun-2013 19:32:49,130,124,37.4917,-74.3917,1670,20.62,OBL,STD,862,107,115,111,08-Aug-0013,08-Aug-0013,PLANKTON,PLANKTON,16415752,34.4580001831055,20.6000003814697,111,172.81375002861,6B3I,262.954,4.07,Formalin,Poland,6B3Z,240.604,NaN,Not Sorted-- 1/4 aliquot available?,Formalin,0,NaN,-98
36880,67534,GU1302,125,135,BON/CTD,21-Jun-2013 21:22:19,131,125,37.645,-74.595,1660,19.36,OBL,OT,545,53,0,57,08-Aug-0013,08-Aug-0013,PLANKTON,PLANKTON,16415753,32.6230010986328,19.3199996948242,57,172.890416681767,6B3I,147.831,3.59,Formalin,Poland,6B3I,146.477,3.62,Narragansett,Ethanol,0,0,-61
36881,67535,GU1302,126,136,BON/CTD,21-Jun-2013 23:02:32,132,126,37.7717,-74.84,1650,19.91,OBL,STD,434,28,35,34,08-Aug-0013,08-Aug-0013,PLANKTON,PLANKTON,16415754,32.5610008239746,19.9300003051758,34,172.959583342075,6B3I,125.682,2.23,Formalin,Poland,6B3Z,125.677,NaN,Not Sorted-- 1/4 aliquot available?,Formalin,0,NaN,-36
36881,67536,GU1302,126,137,BON/CTD,21-Jun-2013 23:11:45,133,126,37.7683,-74.835,1650,19.91,OBL,GC,350,29,35,33,08-Aug-0013,08-Aug-0013,PLANKTON,PLANKTON,16415755,32.5639991760254,19.8600006103516,33,172.965833365917,6B3I,92.157,3.15,Formalin,Poland,6B5I,106.959,2.71,Poland,Formalin,0,0,-36
36882,67537,GU1302,128,138,BON/CTD,22-Jun-2013 02:10:49,134,128,37.48,-75.2483,1650,20.4,OBL,STD,265,26,33,31,08-Aug-0013,08-Aug-0013,PLANKTON,PLANKTON,16415756,32.4230003356934,20.4099998474121,31,173.090416669846,6B3I,67.82,3.83,Formalin,Poland,6B3Z,68.781,NaN,Not Sorted-- 1/4 aliquot available?,Formalin,0,NaN,-27
36882,67538,GU1302,128,139,BON/CTD,22-Jun-2013 02:16:46,135,128,37.4767,-75.2433,1650,20.4,OBL,GC,396,28,40,31,08-Aug-0013,08-Aug-0013,PLANKTON,PLANKTON,16415757,32.4109992980957,20.3999996185303,31,173.094583332539,6B3I,80.91,3.46,Formalin,Poland,6B5I,95.544,2.93,Poland,Formalin,0,0,-27
36883,67539,GU1302,130,140,BON/CTD,22-Jun-2013 05:06:03,136,130,37.2617,-75.675,3340,19.99,OBL,STD,454,9,16,12,08-Aug-0013,08-Aug-0013,PLANKTON,PLANKTON,16415758,32.5970001220703,20,12,173.212499991059,6B3I,110.229,0.82,Formalin,Poland,6B3Z,111.169,NaN,Not Sorted-- 1/4 aliquot available?,Formalin,0,NaN,-7
36883,67540,GU1302,130,141,BON/CTD,22-Jun-2013 05:15:44,137,130,37.2583,-75.6717,3340,19.95,OBL,GC,406,8,14,11,08-Aug-0013,08-Aug-0013,PLANKTON,PLANKTON,16415759,32.5909996032715,19.9599990844727,11,173.21875,6B3I,82.528,0.97,Formalin,Poland,6B5I,98.108,0.82,Poland,Formalin,0,0,-7
36885,67544,GU1302,132,145,BON/CTD,22-Jun-2013 09:43:21,141,132,37.055,-75.2,1650,20.69,OBL,GC,441,33,55,39,08-Aug-0013,08-Aug-0013,PLANKTON,PLANKTON,16415763,32.2159996032715,20.7000007629395,39,173.405000001192,6B3I,117.886,2.8,Formalin,Poland,6B5I,137.235,2.4,Poland,Formalin,0,0,-36
36884,67541,GU1302,131,142,BON/CTD,22-Jun-2013 07:44:08,138,131,37.2967,-75.3083,1650,20.45,OBL,STD,397,25,38,30,08-Aug-0013,08-Aug-0013,PLANKTON,PLANKTON,16415760,32.3769989013672,20.4599990844727,30,173.322083324194,6B3I,95.807,2.61,Formalin,Poland,6B3Z,91.505,NaN,Not Sorted-- 1/4 aliquot available?,Formalin,0,NaN,-27
36884,67542,GU1302,131,143,BON/CTD,22-Jun-2013 07:52:32,139,131,37.2917,-75.3067,1650,20.5,OBL,GC,427,26,42,32,08-Aug-0013,08-Aug-0013,PLANKTON,PLANKTON,16415761,32.3660011291504,20.5,32,173.327916651964,6B3I,91.914,2.83,Formalin,Poland,6B5I,117.796,2.21,Poland,Formalin,0,0,-27
36885,67543,GU1302,132,144,BON/CTD,22-Jun-2013 09:32:50,140,132,37.0583,-75.205,1650,20.66,OBL,STD,521,33,65,38,08-Aug-0013,08-Aug-0013,PLANKTON,PLANKTON,16415762,32.2159996032715,20.6700000762939,38,173.397083312273,6B3I,155.815,2.12,Formalin,Poland,6B3Z,157.839,NaN,Not Sorted-- 1/4 aliquot available?,Formalin,0,NaN,-37
36886,67545,GU1302,133,146,BON/CTD,22-Jun-2013 11:45:08,142,133,36.96,-75.4283,1650,20.48,OBL,STD,478,22,45,27,08-Aug-0013,08-Aug-0013,PLANKTON,PLANKTON,16415764,32.3219985961914,20.4899997711182,27,173.489583343267,6B3I,87.394,2.52,Formalin,Poland,6B3Z,87.834,NaN,Not Sorted-- 1/4 aliquot available?,Formalin,0,NaN,-20
36886,67546,GU1302,133,147,BON/CTD,22-Jun-2013 11:55:07,143,133,36.9583,-75.4233,1650,20.52,OBL,GC,337,23,32,27,08-Aug-0013,08-Aug-0013,PLANKTON,PLANKTON,16415765,32.3079986572266,20.5400009155273,27,173.496666669846,6B3I,24.435,9.41,Formalin,Poland,6B5I,88.843,2.59,Poland,Formalin,0,0,-20
36887,67547,GU1302,134,149,BON/CTD,22-Jun-2013 13:38:18,144,134,36.7917,-75.6383,1650,20.98,OBL,STD,358,19,29,25,08-Aug-0013,08-Aug-0013,PLANKTON,PLANKTON,16415766,31.3509998321533,20.9799995422363,25,173.567916691303,6B3I,68.421,2.78,Formalin,Poland,6B3Z,61.702,NaN,Not Sorted-- 1/4 aliquot available?,Formalin,0,NaN,-20
36887,67548,GU1302,134,150,BON/CTD,22-Jun-2013 13:45:42,145,134,36.79,-75.635,1650,21.03,OBL,GC,289,16,0,23,08-Aug-0013,08-Aug-0013,PLANKTON,PLANKTON,16415767,31.3409996032715,21.0400009155273,23,173.572916686535,6B3I,20.794,7.69,Formalin,Poland,6B5I,67.832,2.36,Poland,Formalin,0,0,-20
36888,67549,GU1302,135,151,BON/CTD,22-Jun-2013 16:15:36,146,135,36.5033,-75.3233,1610,21.13,OBL,STD,459,20,30,25,08-Aug-0013,08-Aug-0013,PLANKTON,PLANKTON,16415768,32.640998840332,21.3400001525879,25,173.677083313465,6B3I,88.51,2.26,Formalin,Poland,6B3Z,80.755,NaN,Not Sorted-- 1/4 aliquot available?,Formalin,0,NaN,-23
36888,67550,GU1302,135,152,BON/CTD,22-Jun-2013 16:25:16,147,135,36.5,-75.3183,1610,21.27,OBL,GC,454,19,33,24,08-Aug-0013,08-Aug-0013,PLANKTON,PLANKTON,16415769,32.6389999389648,21.4400005340576,24,173.684166669846,6B3I,42.882,4.43,Formalin,Poland,6B5I,134.258,1.42,Poland,Formalin,0,0,-23
36889,67551,GU1302,136,153,BON/CTD,22-Jun-2013 18:51:14,148,136,36.2433,-75.005,1610,21.63,OBL,STD,489,38,61,42,08-Aug-0013,08-Aug-0013,PLANKTON,PLANKTON,16415770,32.2439994812012,22.3600006103516,42,173.785416662693,6B3I,110.315,3.44,Formalin,Poland,6B3Z,102.604,NaN,Not Sorted-- 1/4 aliquot available?,Formalin,0,NaN,-39
36889,67552,GU1302,136,154,BON/CTD,22-Jun-2013 19:01:30,149,136,36.2383,-75.0033,1610,21.72,OBL,GC,528,38,65,42,08-Aug-0013,08-Aug-0013,PLANKTON,PLANKTON,16415771,32.2449989318848,22.6599998474121,42,173.792500019073,6B3I,77.188,4.92,Formalin,Poland,6B5I,145.508,2.61,Poland,Formalin,0,0,-39
36890,67553,GU1302,137,155,BON/CTD,22-Jun-2013 20:38:40,150,137,36.3183,-74.8883,1620,20.87,OBL,STD,492,54,59,58,08-Aug-0013,08-Aug-0013,PLANKTON,PLANKTON,16415772,32.8429985046387,21.1000003814697,58,173.859583318233,6B3I,128.172,4.21,Formalin,Poland,6B3Z,129.348,NaN,Not Sorted-- 1/4 aliquot available?,Formalin,0,NaN,-32
36890,67554,GU1302,137,156,BON/CTD,22-Jun-2013 20:49:33,151,137,36.32,-74.8833,1620,20.86,OBL,GC,458,57,80,60,08-Aug-0013,08-Aug-0013,PLANKTON,PLANKTON,16415773,32.9049987792969,21.7900009155273,61,173.867500007153,6B3I,77.593,7.35,Formalin,Poland,6B5I,120.36,4.74,Poland,Formalin,0,0,-32
36891,67555,GU1302,138,157,BON/CTD,22-Jun-2013 21:52:00,152,138,36.3167,-74.74,NaN,21.53,OBL,OT,1357,197,282,219,08-Aug-0013,08-Aug-0013,PLANKTON,PLANKTON,16415774,32.951000213623,21.5200004577637,219,173.911250054836,6B3I,406.75,4.84,Formalin,Poland,6B3I,410.416,4.8,Narragansett,Ethanol,0,0,-120
36892,67556,GU1302,139,158,BON/CTD,22-Jun-2013 23:06:56,153,139,36.3183,-74.5867,NaN,21.01,OBL,OT,1107,200,253,1800,08-Aug-0013,08-Aug-0013,PLANKTON,PLANKTON,16415775,32.9889984130859,22.1200008392334,1800,173.962500035763,6B3I,266.988,7.49,Formalin,Poland,6B3I,268.833,7.44,Narragansett,Ethanol,0,0,-1530
36893,67557,GU1302,140,159,BON/CTD,23-Jun-2013 00:17:10,154,140,36.3133,-74.43,NaN,20.92,OBL,OT,1196,199,265,2000,08-Aug-0013,08-Aug-0013,PLANKTON,PLANKTON,16415776,33.0289993286133,21.8999996185303,2000,174.011666666716,6B3I,307.766,6.47,Formalin,Poland,6B3I,309.385,6.43,Narragansett,Ethanol,0,0,-1914
36894,67558,GU1302,141,160,BON/CTD,23-Jun-2013 01:32:41,155,141,36.3133,-74.285,NaN,24.1,OBL,OT,1318,201,277,2000,08-Aug-0013,08-Aug-0013,PLANKTON,PLANKTON,16415777,34.0299987792969,24.2800006866455,2000,174.063749998808,6B3I,307.595,6.53,Formalin,Poland,6B3I,311.221,6.46,Narragansett,Ethanol,15,21,-2169
36895,67559,GU1302,142,161,BON/CTD,23-Jun-2013 02:53:33,156,142,36.3117,-74.13,NaN,24.67,OBL,OT,1485,200,323,2500,08-Aug-0013,08-Aug-0013,PLANKTON,PLANKTON,16415778,35.3860015869141,24.7000007629395,2500,174.120000004768,6B3I,385.717,5.19,Formalin,Poland,6B3I,389.092,5.14,Narragansett,Ethanol,0,1,-2373
36896,67560,GU1302,143,162,BON/CTD,23-Jun-2013 04:22:22,157,143,36.3317,-73.9717,NaN,25.63,OBL,OT,1456,201,312,2000,08-Aug-0013,08-Aug-0013,PLANKTON,PLANKTON,16415779,36.0299987792969,25.9699993133545,2000,174.182083323598,6B3I,373.972,5.37,Formalin,Poland,6B3I,372.238,5.4,Narragansett,Ethanol,0,0,-2627
36897,67561,GU1302,144,163,BON/CTD,23-Jun-2013 07:35:37,158,144,35.9933,-73.915,NaN,27.75,OBL,OT,1040,204,221,3000,08-Aug-0013,08-Aug-0013,PLANKTON,PLANKTON,16415780,35.8899993896484,27.75,3000,174.315833330154,6B3I,252.927,8.07,Formalin,Poland,6B3I,265.701,7.68,Narragansett,Ethanol,0,0,-2899
36898,67562,GU1302,145,164,BON/CTD,23-Jun-2013 09:37:02,159,145,35.9917,-74.0717,NaN,27.12,OBL,OT,911,202,202,1800,08-Aug-0013,08-Aug-0013,PLANKTON,PLANKTON,16415781,35.5909996032715,27.1200008392334,1800,174.400833338499,6B3I,244.974,8.25,Formalin,Poland,6B3I,241.491,8.36,Narragansett,Ethanol,0,0,-2636
36899,67563,GU1302,146,165,BON/CTD,23-Jun-2013 11:07:50,160,146,35.9983,-74.2183,NaN,22.81,OBL,OT,1193,202,255,1800,08-Aug-0013,08-Aug-0013,PLANKTON,PLANKTON,16415782,32.9669990539551,22.8199996948242,1800,174.463333338499,6B3I,328.438,6.15,Formalin,Poland,6B3I,325.194,6.21,Narragansett,Ethanol,0,0,-2273
36903,67567,GU1302,150,170,BON/CTD,23-Jun-2013 16:19:01,165,150,35.9967,-74.7783,1630,21.67,OBL,FXD,1543,199,336,383,08-Aug-0013,08-Aug-0013,PLANKTON,PLANKTON,16415787,32.4080009460449,22.8799991607666,383,174.680000007153,6B3I,477.403,4.17,Formalin,Poland,6B3I,481.995,4.13,Narragansett,Ethanol,0,0,-103
36900,67564,GU1302,147,166,BON/CTD,23-Jun-2013 12:26:17,161,147,35.9967,-74.37,NaN,22.83,OBL,OT,1334,201,280,1800,08-Aug-0013,08-Aug-0013,PLANKTON,PLANKTON,16415783,32.4599990844727,22.9699993133545,1800,174.517916679382,6B3I,331.934,6.06,Formalin,Poland,6B3I,330.516,6.08,Narragansett,Ethanol,0,0,-2016
36901,67565,GU1302,148,167,BON/CTD,23-Jun-2013 13:42:11,162,148,35.9967,-74.5167,NaN,22.07,OBL,OT,1240,202,260,2000,08-Aug-0013,08-Aug-0013,PLANKTON,PLANKTON,16415784,33.0069999694824,22.1800003051758,2000,174.570833325386,6B3I,291.469,6.93,Formalin,Poland,6B3I,289.309,6.98,Narragansett,Ethanol,0,0,-1716
36902,67566,GU1302,149,168,BON/CTD,23-Jun-2013 14:53:57,163,149,35.9933,-74.67,NaN,21.6,OBL,FXD,1156,201,243,1200,08-Aug-0013,08-Aug-0013,PLANKTON,PLANKTON,16415785,32.4799995422363,22.6599998474121,1200,174.620000004768,6B3I,283.079,7.1,Formalin,Poland,6B3I,280.381,7.17,Narragansett,Ethanol,0,0,-800
36904,67568,GU1302,151,172,BON/CTD,23-Jun-2013 19:28:20,167,151,36.0017,-75.17,1610,22.71,OBL,FXD,587,29,41,33,08-Aug-0013,08-Aug-0013,PLANKTON,PLANKTON,16415789,33.0040016174316,22.7199993133545,33,174.81124997139,6B3I,132.55,2.19,Formalin,Poland,6B3I,133.106,2.18,Narragansett,Ethanol,0,0,-33
36905,67569,GU1302,152,174,BON/CTD,23-Jun-2013 21:04:18,169,152,35.87,-75.3167,3410,22.76,OBL,STD,494,26,33,29,08-Aug-0013,08-Aug-0013,PLANKTON,PLANKTON,16415791,32.8689994812012,22.8500003814697,29,174.877916634083,6B3I,142.165,1.83,Formalin,Poland,6B3Z,146.827,NaN,Not Sorted-- 1/4 aliquot available?,Formalin,0,NaN,-24
36906,67570,GU1302,153,175,BON/CTD,23-Jun-2013 22:39:51,170,153,35.9967,-75.5283,3410,22.66,OBL,FXD,335,18,22,22,08-Aug-0013,08-Aug-0013,PLANKTON,PLANKTON,16415792,29.9720001220703,22.6399993896484,22,174.943749964237,6B3I,55.2,3.26,Formalin,Poland,6B3I,60.042,3,Narragansett,Ethanol,0,0,-16
36907,67571,GU1302,155,177,BON/CTD,24-Jun-2013 01:58:18,172,155,36.4183,-75.7867,3400,21.74,OBL,STD,346,12,17,17,08-Aug-0013,08-Aug-0013,PLANKTON,PLANKTON,16415794,28.8519992828369,21.7399997711182,17,175.082083337009,6B3I,75.375,1.59,Formalin,Poland,6B3Z,76.735,NaN,Not Sorted-- 1/4 aliquot available?,Formalin,0,NaN,-1
