STATION_PK_SEQ,EVENT_PK_SEQ,CRUISE_NAME,STATION,EVENT_NUMBER,OPERATION,EVENT_DATE,CTD_CAST_NUMBER,SITE_ID,LATITUDE,LONGITUDE,SURVEY_PERIOD,REGION,PLANKTON_STRATUM,GROUNDFISH_STRATUM,SURFACE_TEMPERATURE,SURFACE_TEMPERATURE_INSTRUMENT,TOW_PROFILE,TOW_PROTOCOL,TOW_TIME_DURATION,TOW_MAXIMUM_DEPTH,MAXIMUM_WIRE_OUT,BOTTOM_DEPTH_MAX_WIRE_OUT,EVENT_COMMENT,CNV_STRNUM,CNV_REG,CNV_SUBREG,CNV_OTHNUM,DOE,DOC,UOE,UOC,SAMPLING_PROGRAM,TimeDecimal,DayNight,Sunrise,Sunset
38620,70149,GU1608,1,1,BON/CTD,05/21/0016 21:25,1,1,41.3217,-71.2533,,SNE,20,1050,12.21,C,OBL,STD,417,32,NaN,36,NaN,NaN,NaN,NaN,NaN,22-Jul-0016,22-Jul-0016,PLANKTON,PLANKTON,NaN,21.4166666666667,Day,9.69605333333294,23.7043866666663
38621,70150,GU1608,2,2,BON/CTD,05/22/0016 00:24,2,2,40.9183,-71.3367,,SNE,19,1060,12.23,C,OBL,STD,398,51,NaN,56,NaN,NaN,NaN,NaN,NaN,22-Jul-0016,22-Jul-0016,PLANKTON,PLANKTON,NaN,0.4,Night,9.70161333333323,23.7099466666665
38622,70151,GU1608,3,3,BON/CTD,05/22/0016 02:36,3,3,40.6717,-71.6017,,SNE,19,1060,11.72,C,OBL,STD,459,66,NaN,71,NaN,NaN,NaN,NaN,NaN,22-Jul-0016,22-Jul-0016,PLANKTON,PLANKTON,NaN,2.6,Night,9.72761333333375,23.71928
38623,70152,GU1608,4,4,BON/CTD,05/22/0016 04:37,4,4,40.9167,-71.7617,,SNE,20,1050,11.57,C,OBL,STD,301,45,NaN,49,NaN,NaN,NaN,NaN,NaN,22-Jul-0016,22-Jul-0016,PLANKTON,PLANKTON,NaN,4.61666666666667,Night,9.72994666666643,23.7382799999997
38624,70153,GU1608,5,5,BON/CTD,05/22/0016 06:26,5,5,40.915,-72.095,,SNE,21,3050,10.98,C,OBL,STD,271,21,NaN,27,NaN,NaN,NaN,NaN,NaN,22-Jul-0016,22-Jul-0016,PLANKTON,PLANKTON,NaN,6.43333333333333,Night,9.75216666666626,23.7604999999996
38625,70154,GU1608,6,6,BON/CTD,05/22/0016 08:36,6,6,40.6617,-72.3433,,SNE,20,1050,11.68,C,OBL,STD,305,37,NaN,43,NaN,NaN,NaN,NaN,NaN,22-Jul-0016,22-Jul-0016,PLANKTON,PLANKTON,NaN,8.6,Night,9.77705333333376,23.76872
38626,70155,GU1608,7,7,BON/CTD,05/22/0016 09:37,7,7,40.665,-72.5083,,SNE,16,1010,11.37,C,OBL,STD,280,32,NaN,38,NaN,NaN,NaN,NaN,NaN,22-Jul-0016,22-Jul-0016,PLANKTON,PLANKTON,NaN,9.61666666666667,Night,9.78805333333327,23.7797199999995
38627,70156,GU1608,8,8,BON/CTD,05/22/0016 11:33,8,8,40.41,-72.5017,,SNE,16,1010,11.5,C,OBL,STD,338,45,NaN,49,NaN,NaN,NaN,NaN,NaN,22-Jul-0016,22-Jul-0016,PLANKTON,PLANKTON,NaN,11.55,Day,9.79594666666691,23.7709466666667
38628,70157,GU1608,9,9,BON/CTD,05/22/0016 12:25,9,9,40.3317,-72.585,,SNE,16,1010,11.25,C,OBL,STD,315,44,NaN,50,NaN,NaN,NaN,NaN,NaN,22-Jul-0016,22-Jul-0016,PLANKTON,PLANKTON,NaN,12.4166666666667,Day,9.80150000000032,23.7765000000001
38629,70158,GU1608,10,10,BON/CTD,05/22/0016 14:43,10,10,40.415,-73.0033,,SNE,16,1010,11.46,C,OBL,STD,354,33,NaN,38,NaN,NaN,NaN,NaN,NaN,22-Jul-0016,22-Jul-0016,PLANKTON,PLANKTON,NaN,14.7166666666667,Day,9.82938666666707,23.8043866666669
38630,70159,GU1608,11,11,BON/CTD,05/22/0016 16:57,11,11,40.415,-73.42,,SNE,17,3110,12.98,C,OBL,STD,306,26,NaN,30,NaN,NaN,NaN,NaN,NaN,22-Jul-0016,22-Jul-0016,PLANKTON,PLANKTON,NaN,16.95,Day,9.8571666666665,23.8321666666663
38631,70160,GU1608,12,12,BON/CTD,05/22/0016 22:25,12,12,39.58,-73.5067,LSPRING,MAB,11,1730,11.55,C,OBL,STD,362,34,NaN,38,NaN,NaN,NaN,NaN,NaN,22-Jul-0016,22-Jul-0016,PLANKTON,PLANKTON,NaN,22.4166666666667,Day,9.88794666666655,23.8129466666671
38632,70161,GU1608,13,13,BON/CTD,05/22/0016 23:35,13,13,39.4183,-73.42,LSPRING,MAB,11,1730,10.9,C,OBL,STD,394,35,NaN,37,NaN,NaN,NaN,NaN,NaN,22-Jul-0016,22-Jul-0016,PLANKTON,PLANKTON,NaN,23.5833333333333,Day,9.89049999999935,23.7988333333328
38633,70162,GU1608,15,15,BON/CTD,05/23/0016 02:25,14,15,39.3317,-73.09,LSPRING,MAB,10,1740,11.41,C,OBL,STD,398,58,NaN,62,NaN,NaN,NaN,NaN,NaN,22-Jul-0016,22-Jul-0016,PLANKTON,PLANKTON,NaN,2.41666666666667,Night,9.85183333333322,23.7935000000002
38634,70163,GU1608,16,16,BON/CTD,05/23/0016 04:00,15,16,39.2483,-72.845,LSPRING,MAB,10,1740,10.65,C,OBL,STD,558,79,NaN,83,NaN,NaN,NaN,NaN,NaN,22-Jul-0016,22-Jul-0016,PLANKTON,PLANKTON,NaN,4,Night,9.84383333333296,23.7688333333335
38635,70164,GU1608,19,19,BON/CTD,05/23/0016 09:06,16,19,38.87,-72.47,LSPRING,MAB,56,NaN,17.94,C,OBL,OT,1437,202,NaN,1850,NaN,NaN,NaN,NaN,NaN,22-Jul-0016,22-Jul-0016,PLANKTON,PLANKTON,NaN,9.1,Night,9.82716666666653,23.7354999999999
38636,70165,GU1608,20,20,BON/CTD,05/23/0016 11:13,17,20,38.8483,-72.7767,LSPRING,MAB,56,NaN,17.15,C,OBL,OT,1337,201,NaN,1321,NaN,NaN,NaN,NaN,NaN,22-Jul-0016,22-Jul-0016,PLANKTON,PLANKTON,NaN,11.2166666666667,Day,9.84761333333296,23.7476133333332
38637,70166,GU1608,21,21,BON/CTD,05/23/0016 13:14,18,21,38.8317,-73.0833,LSPRING,MAB,10,1740,10.88,C,OBL,STD,597,85,NaN,89,NaN,NaN,NaN,NaN,NaN,22-Jul-0016,22-Jul-0016,PLANKTON,PLANKTON,NaN,13.2333333333333,Day,9.8680533333332,23.7680533333334
38638,70167,GU1608,22,22,BON/CTD,05/23/0016 15:55,19,22,38.5017,-73.3417,LSPRING,MAB,10,1750,15.66,C,OBL,STD,921,122,NaN,127,NaN,NaN,NaN,NaN,NaN,22-Jul-0016,22-Jul-0016,PLANKTON,PLANKTON,NaN,15.9166666666667,Day,9.90194666666668,23.7769466666666
38639,70168,GU1608,23,23,BON/CTD,05/23/0016 20:30,20,23,38.415,-74.25,LSPRING,MAB,8,1690,12.04,C,OBL,STD,325,42,NaN,46,NaN,NaN,NaN,NaN,NaN,22-Jul-0016,22-Jul-0016,PLANKTON,PLANKTON,NaN,20.5,Day,9.96250000000038,23.8375000000003
38640,70169,GU1608,24,24,BON/CTD,05/23/0016 23:46,21,24,37.9167,-74.3333,LSPRING,MAB,7,1700,12.57,C,OBL,STD,486,63,NaN,67,NaN,NaN,NaN,NaN,NaN,22-Jul-0016,22-Jul-0016,PLANKTON,PLANKTON,NaN,23.7666666666667,Day,9.98471999999953,23.8263866666666
38641,70170,GU1608,25,25,BON/CTD,05/24/0016 01:07,22,25,37.7483,-74.335,LSPRING,MAB,7,1700,13.78,C,OBL,STD,469,76,NaN,80,NaN,NaN,NaN,NaN,NaN,22-Jul-0016,22-Jul-0016,PLANKTON,PLANKTON,NaN,1.11666666666667,Night,9.97649999999982,23.8348333333333
38642,70171,GU1608,27,27,BON/CTD,05/24/0016 03:33,23,27,37.6117,-74.075,LSPRING,MAB,54,NaN,14.59,C,OBL,OT,1325,202,NaN,1369,NaN,NaN,NaN,NaN,NaN,22-Jul-0016,22-Jul-0016,PLANKTON,PLANKTON,NaN,3.55,Night,9.95916666666682,23.8091666666671
38643,70172,GU1608,28,28,BON/CTD,05/24/0016 06:00,24,28,37.555,-74.415,LSPRING,MAB,4,1660,12.74,C,OBL,OT,814,91,NaN,97,NaN,NaN,NaN,NaN,NaN,22-Jul-0016,22-Jul-0016,PLANKTON,PLANKTON,NaN,6,Night,9.9818333333331,23.8318333333333
38644,70173,GU1608,29,29,BON/CTD,05/24/0016 10:12,25,29,37.0833,-74.9117,LSPRING,MAB,5,1650,12.74,C,OBL,STD,410,46,NaN,50,NaN,NaN,NaN,NaN,NaN,22-Jul-0016,22-Jul-0016,PLANKTON,PLANKTON,NaN,10.2,Day,10.0316133333329,23.8482799999996
38645,70174,GU1608,30,30,BON/CTD,05/24/0016 13:05,26,30,36.6633,-74.7483,LSPRING,MAB,4,1660,13.57,C,OBL,STD,763,80,NaN,86,NaN,NaN,NaN,NaN,NaN,22-Jul-0016,22-Jul-0016,PLANKTON,PLANKTON,NaN,13.0833333333333,Day,10.0373866666671,23.8207200000003
38646,70175,GU1608,32,32,BON/CTD,05/24/0016 19:04,27,32,36.0017,-74.74,LSPRING,MAB,1,1640,23.27,C,OBL,STD,1313,201,NaN,663,NaN,NaN,NaN,NaN,NaN,22-Jul-0016,22-Jul-0016,PLANKTON,PLANKTON,NaN,19.0666666666667,Day,10.061833333333,23.8035000000002
38647,70176,GU1608,34,34,BON/CTD,05/25/0016 00:58,28,34,35.6717,-75.4067,LSPRING,MAB,3,3440,17.17,C,OBL,STD,279,22,NaN,24,NaN,NaN,NaN,NaN,NaN,22-Jul-0016,22-Jul-0016,PLANKTON,PLANKTON,NaN,0.966666666666667,Night,10.0979466666664,23.8479466666667
38648,70177,GU1608,35,35,BON/CTD,05/25/0016 03:36,29,35,35.9933,-75.5867,LSPRING,MAB,3,3400,17.51,C,OBL,STD,428,19,NaN,22,NaN,NaN,NaN,NaN,NaN,22-Jul-0016,22-Jul-0016,PLANKTON,PLANKTON,NaN,3.6,Night,10.1016133333335,23.8682800000003
38649,70178,GU1608,38,38,BON/CTD,05/25/0016 08:17,30,38,36.165,-75.1667,LSPRING,MAB,2,1610,15.28,C,OBL,STD,344,28,NaN,33,NaN,NaN,NaN,NaN,NaN,22-Jul-0016,22-Jul-0016,PLANKTON,PLANKTON,NaN,8.28333333333333,Night,10.0652800000001,23.8486133333333
38650,70179,GU1608,39,39,BON/CTD,05/25/0016 10:17,31,39,36.415,-75.1633,LSPRING,MAB,2,1610,15.49,C,OBL,STD,288,30,NaN,32,NaN,NaN,NaN,NaN,NaN,22-Jul-0016,22-Jul-0016,PLANKTON,PLANKTON,NaN,10.2833333333333,Day,10.0567200000006,23.8567200000002
38651,70180,GU1608,40,40,BON/CTD,05/25/0016 15:12,32,40,36.915,-75.835,LSPRING,MAB,6,3370,16.75,C,OBL,STD,263,9,NaN,13,NaN,NaN,NaN,NaN,NaN,22-Jul-0016,22-Jul-0016,PLANKTON,PLANKTON,NaN,15.2,Day,10.0848333333329,23.9181666666661
38652,70181,GU1608,41,41,BON/CTD,05/25/0016 17:52,33,41,37.2483,-75.5817,LSPRING,MAB,6,3350,15.26,C,OBL,STD,340,17,NaN,21,NaN,NaN,NaN,NaN,NaN,22-Jul-0016,22-Jul-0016,PLANKTON,PLANKTON,NaN,17.8666666666667,Day,10.0596133333332,23.9096133333334
38653,70182,GU1608,42,42,BON/CTD,05/25/0016 20:38,34,42,37.25,-75.0867,LSPRING,MAB,5,1650,14.18,C,OBL,STD,390,32,NaN,35,NaN,NaN,NaN,NaN,NaN,22-Jul-0016,22-Jul-0016,PLANKTON,PLANKTON,NaN,20.6333333333333,Day,10.0266133333333,23.8766133333335
38654,70183,GU1608,43,43,BON/CTD,05/25/0016 21:57,35,43,37.33,-74.9233,LSPRING,MAB,5,1650,13.81,C,OBL,STD,369,36,NaN,40,NaN,NaN,NaN,NaN,NaN,22-Jul-0016,22-Jul-0016,PLANKTON,PLANKTON,NaN,21.95,Day,10.0073866666665,23.8740533333332
38655,70184,GU1608,44,44,BON/CTD,05/25/0016 22:58,36,44,37.4117,-74.835,LSPRING,MAB,5,1650,14.57,C,OBL,STD,349,42,NaN,47,NaN,NaN,NaN,NaN,NaN,22-Jul-0016,22-Jul-0016,PLANKTON,PLANKTON,NaN,22.9666666666667,Day,10.0015000000001,23.8681666666668
38656,70185,GU1608,45,45,BON/CTD,05/25/0016 23:57,37,45,37.5,-74.7517,LSPRING,MAB,5,1650,13.86,C,OBL,STD,372,47,NaN,51,NaN,NaN,NaN,NaN,NaN,22-Jul-0016,22-Jul-0016,PLANKTON,PLANKTON,NaN,23.95,Night,9.99594666666673,23.8626133333334
38657,70186,GU1608,48,48,BON/CTD,05/26/0016 07:33,38,48,38.3317,-74.83,LSPRING,MAB,9,3290,13.8,C,OBL,STD,565,15,NaN,18,NaN,NaN,NaN,NaN,NaN,22-Jul-0016,22-Jul-0016,PLANKTON,PLANKTON,NaN,7.55,Night,9.95116666666656,23.9178333333331
38658,70187,GU1608,49,49,BON/CTD,05/26/0016 08:58,39,49,38.4133,-74.67,LSPRING,MAB,8,1690,13.91,C,OBL,STD,259,32,NaN,35,NaN,NaN,NaN,NaN,NaN,22-Jul-0016,22-Jul-0016,PLANKTON,PLANKTON,NaN,8.96666666666667,Night,9.94049999999999,23.9071666666666
38659,70188,GU1608,50,50,BON/CTD,05/26/0016 11:22,40,50,38.7433,-74.6667,LSPRING,MAB,8,1690,14.19,C,OBL,STD,349,20,NaN,26,NaN,NaN,NaN,NaN,NaN,22-Jul-0016,22-Jul-0016,PLANKTON,PLANKTON,NaN,11.3666666666667,Day,9.92361333333276,23.9152799999997
38660,70189,GU1608,51,51,BON/CTD,05/26/0016 12:54,41,51,38.915,-74.6633,LSPRING,MAB,12,3220,14.7,C,OBL,STD,278,11,NaN,15,NaN,NaN,NaN,NaN,NaN,22-Jul-0016,22-Jul-0016,PLANKTON,PLANKTON,NaN,12.9,Day,9.92338666666643,23.9233866666665
38661,70190,GU1608,52,52,BON/CTD,05/26/0016 17:36,42,52,38.7467,-74.0033,LSPRING,MAB,8,1690,13.52,C,OBL,STD,520,44,NaN,48,NaN,NaN,NaN,NaN,NaN,22-Jul-0016,22-Jul-0016,PLANKTON,PLANKTON,NaN,17.6,Day,9.87938666666634,23.8710533333332
38662,70191,GU1608,53,53,BON/CTD,05/26/0016 19:14,43,53,38.9133,-73.8367,LSPRING,MAB,11,1730,13.67,C,OBL,STD,416,39,NaN,40,NaN,NaN,NaN,NaN,NaN,22-Jul-0016,22-Jul-0016,PLANKTON,PLANKTON,NaN,19.2333333333333,Day,9.86827999999952,23.8682799999996
38663,70192,GU1608,54,54,BON/CTD,05/26/0016 21:44,44,54,39.25,-73.9983,LSPRING,MAB,11,1730,12.76,C,OBL,STD,301,22,NaN,27,NaN,NaN,NaN,NaN,NaN,22-Jul-0016,22-Jul-0016,PLANKTON,PLANKTON,NaN,21.7333333333333,Day,9.86238666666629,23.8957199999999
38664,70193,GU1608,55,55,BON/CTD,05/26/0016 23:15,45,55,39.4133,-74.165,LSPRING,MAB,13,3200,15.24,C,OBL,STD,238,14,NaN,18,NaN,NaN,NaN,NaN,NaN,22-Jul-0016,22-Jul-0016,PLANKTON,PLANKTON,NaN,23.25,Day,9.86516666666677,23.9068333333336
38665,70194,GU1608,57,57,BON/CTD,05/27/0016 02:15,46,57,39.6617,-73.9183,LSPRING,MAB,13,3170,14.68,C,OBL,STD,328,22,NaN,26,NaN,NaN,NaN,NaN,NaN,22-Jul-0016,22-Jul-0016,PLANKTON,PLANKTON,NaN,2.25,Night,9.82371999999947,23.9153866666663
38666,70195,GU1608,58,58,BON/CTD,05/27/0016 07:52,47,58,39.4983,-72.8333,LSPRING,SNE,15,1020,13.2,C,OBL,STD,370,61,NaN,65,NaN,NaN,NaN,NaN,NaN,22-Jul-0016,22-Jul-0016,PLANKTON,PLANKTON,NaN,7.86666666666667,Night,9.75972000000008,23.843053333333
38667,70196,GU1608,59,59,BON/CTD,05/27/0016 10:44,48,59,39.6633,-72.335,LSPRING,SNE,15,1020,12.91,C,OBL,STD,682,110,NaN,114,NaN,NaN,NaN,NaN,NaN,22-Jul-0016,22-Jul-0016,PLANKTON,PLANKTON,NaN,10.7333333333333,Day,9.71816666666615,23.809833333333
38668,70197,GU1608,60,60,BON/CTD,05/27/0016 12:00,49,60,39.6667,-72.165,LSPRING,SNE,14,1030,12.82,C,OBL,STD,983,119,NaN,124,NaN,NaN,NaN,NaN,NaN,22-Jul-0016,22-Jul-0016,PLANKTON,PLANKTON,NaN,12,Day,9.70683333333301,23.7984999999998
38669,70198,GU1608,61,61,BON/CTD,05/27/0016 15:03,50,61,40.0867,-72.0817,LSPRING,SNE,15,1020,13.54,C,OBL,STD,477,68,NaN,74,NaN,NaN,NaN,NaN,NaN,22-Jul-0016,22-Jul-0016,PLANKTON,PLANKTON,NaN,15.05,Day,9.68461333333318,23.8096133333335
38670,70199,GU1608,62,62,BON/CTD,05/27/0016 20:33,51,62,40.4117,-71.1717,LSPRING,SNE,19,1060,12.69,C,OBL,STD,503,79,NaN,83,NaN,NaN,NaN,NaN,NaN,22-Jul-0016,22-Jul-0016,PLANKTON,PLANKTON,NaN,20.55,Day,9.61561333333345,23.7656133333334
38671,70200,GU1608,63,63,BON/CTD,05/27/0016 23:55,52,63,40.0117,-71,LSPRING,SNE,18,1080,13.26,C,OBL,STD,1380,201,NaN,321,NaN,NaN,NaN,NaN,NaN,22-Jul-0016,22-Jul-0016,PLANKTON,PLANKTON,NaN,23.9166666666667,Night,9.62083333333323,23.7375000000003
38672,70201,GU1608,64,65,BON/CTD,05/28/0016 02:26,54,64,39.82,-70.8167,LSPRING,SNE,60,NaN,13.96,C,OBL,OT,1340,201,NaN,1072,NaN,NaN,NaN,NaN,NaN,22-Jul-0016,31-Jan-0017,PLANKTON,PLANKTON,NaN,2.43333333333333,Night,9.59194666666696,23.7336133333337
38673,70202,GU1608,65,66,BON/CTD,05/28/0016 04:26,55,65,39.655,-70.62,LSPRING,SNE,60,NaN,17.72,C,OBL,OT,1200,201,NaN,2216,NaN,NaN,NaN,NaN,NaN,22-Jul-0016,22-Jul-0016,PLANKTON,PLANKTON,NaN,4.43333333333333,Night,9.58716666666675,23.7121666666671
38674,70203,GU1608,68,69,BON/CTD,05/28/0016 10:42,56,68,40.2483,-70.335,LSPRING,SNE,23,1100,11.7,C,OBL,STD,596,95,NaN,100,NaN,NaN,NaN,NaN,NaN,22-Jul-0016,22-Jul-0016,PLANKTON,PLANKTON,NaN,10.7,Day,9.54316666666665,23.7181666666669
38675,70204,GU1608,69,70,BON/CTD,05/28/0016 12:58,57,69,40.5,-70.58,LSPRING,SNE,23,1100,12.37,C,OBL,STD,387,66,NaN,71,NaN,NaN,NaN,NaN,NaN,22-Jul-0016,22-Jul-0016,PLANKTON,PLANKTON,NaN,12.9666666666667,Day,9.55116666666624,23.7428333333329
38676,70205,GU1608,70,71,BON/CTD,05/28/0016 14:46,58,70,40.6667,-70.3317,LSPRING,SNE,24,1090,12.2,C,OBL,STD,465,47,NaN,52,NaN,NaN,NaN,NaN,NaN,22-Jul-0016,22-Jul-0016,PLANKTON,PLANKTON,NaN,14.7666666666667,Day,9.5262800000001,23.7346133333332
38677,70206,GU1608,72,73,BON/CTD,05/28/0016 17:37,59,72,40.665,-70.7517,LSPRING,SNE,19,1060,12.87,C,OBL,STD,368,61,NaN,65,NaN,NaN,NaN,NaN,NaN,22-Jul-0016,22-Jul-0016,PLANKTON,PLANKTON,NaN,17.6166666666667,Day,9.55427999999967,23.7626133333328
38678,70207,GU1608,73,74,BON/CTD,05/28/0016 19:10,60,73,40.83,-70.9183,LSPRING,SNE,19,1060,13.77,C,OBL,STD,368,52,NaN,55,NaN,NaN,NaN,NaN,NaN,22-Jul-0016,22-Jul-0016,PLANKTON,PLANKTON,NaN,19.1666666666667,Day,9.56538666666649,23.7820533333335
38679,70208,GU1608,74,75,BON/CTD,05/28/0016 20:34,61,74,40.9983,-70.835,LSPRING,SNE,20,1050,13.01,C,OBL,STD,404,47,NaN,50,NaN,NaN,NaN,NaN,NaN,22-Jul-0016,22-Jul-0016,PLANKTON,PLANKTON,NaN,20.5666666666667,Day,9.55149999999987,23.7848333333333
38680,70209,GU1608,76,77,BON/CTD,05/28/0016 23:10,62,76,41.165,-70.5017,LSPRING,SNE,24,1090,12.74,C,OBL,STD,326,32,NaN,37,NaN,NaN,NaN,NaN,NaN,22-Jul-0016,22-Jul-0016,PLANKTON,PLANKTON,NaN,23.1666666666667,Day,9.52094666666682,23.7626133333335
38681,70210,GU1608,77,78,BON/CTD,05/29/0016 00:06,63,77,41.24,-70.4083,LSPRING,SNE,24,1090,12.71,C,OBL,STD,324,26,NaN,31,NaN,NaN,NaN,NaN,NaN,22-Jul-0016,22-Jul-0016,PLANKTON,PLANKTON,NaN,0.1,Night,9.49805333333285,23.7813866666663
38682,70211,GU1608,78,79,BON/CTD,05/29/0016 04:11,64,78,40.7483,-70.0067,LSPRING,SNE,24,1090,11.24,C,OBL,STD,484,34,NaN,39,NaN,NaN,NaN,NaN,NaN,22-Jul-0016,22-Jul-0016,PLANKTON,PLANKTON,NaN,4.18333333333333,Night,9.48794666666692,23.7296133333336
38683,70212,GU1608,79,80,BON/CTD,05/29/0016 07:11,65,79,40.3317,-69.9183,LSPRING,SNE,23,1100,12.81,C,OBL,STD,635,79,NaN,84,NaN,NaN,NaN,NaN,NaN,22-Jul-0016,22-Jul-0016,PLANKTON,PLANKTON,NaN,7.18333333333333,Night,9.49872000000011,23.7070533333332
38684,70213,GU1608,80,81,BON/CTD,05/29/0016 08:20,66,80,40.3317,-69.7533,LSPRING,SNE,23,1100,12.74,C,OBL,STD,512,71,NaN,76,NaN,NaN,NaN,NaN,NaN,22-Jul-0016,22-Jul-0016,PLANKTON,PLANKTON,NaN,8.33333333333333,Night,9.48771999999991,23.6960533333331
38685,70214,GU1608,81,82,BON/CTD,05/29/0016 12:24,67,81,40.08,-69,LSPRING,SNE,22,1110,13.89,C,OBL,STD,1193,166,NaN,172,NaN,NaN,NaN,NaN,NaN,22-Jul-0016,22-Jul-0016,PLANKTON,PLANKTON,NaN,12.4,Day,9.44583333333305,23.6374999999998
38686,70215,GU1608,82,83,BON/CTD,05/29/0016 14:58,68,82,40.2517,-68.6667,LSPRING,GB,26,1140,12.1,C,OBL,STD,833,109,NaN,114,NaN,NaN,NaN,NaN,NaN,22-Jul-0016,22-Jul-0016,PLANKTON,PLANKTON,NaN,14.9666666666667,Day,9.41528,23.6236133333331
38687,70216,GU1608,83,84,BON/CTD,05/29/0016 17:14,69,83,40.4983,-68.505,LSPRING,GB,27,1130,12.03,C,OBL,STD,626,86,NaN,91,NaN,NaN,NaN,NaN,NaN,22-Jul-0016,22-Jul-0016,PLANKTON,PLANKTON,NaN,17.2333333333333,Day,9.39616666666672,23.621166666667
38688,70217,GU1608,84,85,BON/CTD,05/29/0016 19:02,70,84,40.4133,-68.25,LSPRING,GB,26,1140,10.9,C,OBL,STD,961,119,NaN,125,NaN,NaN,NaN,NaN,NaN,22-Jul-0016,22-Jul-0016,PLANKTON,PLANKTON,NaN,19.0333333333333,Day,9.38749999999988,23.6041666666669
38689,70218,GU1608,87,88,BON/CTD,05/30/0016 02:21,71,87,40.58,-67.5033,LSPRING,GB,27,1130,10.92,C,OBL,STD,762,101,NaN,106,NaN,NaN,NaN,NaN,NaN,22-Jul-0016,22-Jul-0016,PLANKTON,PLANKTON,NaN,2.35,Night,9.31272000000041,23.5710533333335
38690,70219,GU1608,88,89,BON/CTD,05/30/0016 03:07,72,88,40.5767,-67.5883,LSPRING,GB,27,1130,10.26,C,OBL,STD,836,101,NaN,105,NaN,NaN,NaN,NaN,NaN,22-Jul-0016,22-Jul-0016,PLANKTON,PLANKTON,NaN,3.11666666666667,Night,9.31838666666664,23.5767199999997
38691,70220,GU1608,89,90,BON/CTD,05/30/0016 04:37,73,89,40.5917,-67.84,LSPRING,GB,27,1130,12.46,C,OBL,STD,750,84,NaN,89,NaN,NaN,NaN,NaN,NaN,22-Jul-0016,22-Jul-0016,PLANKTON,PLANKTON,NaN,4.61666666666667,Night,9.33516666666725,23.5935000000003
38692,70221,GU1608,90,91,BON/CTD,05/30/0016 05:27,74,90,40.665,-67.835,LSPRING,GB,27,1130,12.73,C,OBL,STD,470,74,NaN,80,NaN,NaN,NaN,NaN,NaN,22-Jul-0016,22-Jul-0016,PLANKTON,PLANKTON,NaN,5.45,Night,9.32649999999973,23.6014999999999
38693,70222,GU1608,92,93,BON/CTD,05/30/0016 09:56,75,92,41.0083,-67.4933,LSPRING,GB,27,1130,10.48,C,OBL,STD,454,61,NaN,67,NaN,NaN,NaN,NaN,NaN,22-Jul-0016,22-Jul-0016,PLANKTON,PLANKTON,NaN,9.93333333333333,Day,9.29538666666673,23.5953866666666
38694,70223,GU1608,93,94,BON/CTD,05/30/0016 13:11,76,93,41.4117,-67.7533,LSPRING,GB,30,1190,10.78,C,OBL,STD,706,30,NaN,34,NaN,NaN,NaN,NaN,NaN,22-Jul-0016,22-Jul-0016,PLANKTON,PLANKTON,NaN,13.1833333333333,Day,9.29605333333331,23.6293866666667
38695,70224,GU1608,95,96,BON/CTD,05/30/0016 16:34,77,95,41.4967,-67.2533,LSPRING,GB,30,1190,9.87,C,OBL,STD,364,43,NaN,47,NaN,NaN,NaN,NaN,NaN,22-Jul-0016,22-Jul-0016,PLANKTON,PLANKTON,NaN,16.5666666666667,Day,9.25438666666657,23.5960533333331
38696,70225,GU1608,96,97,BON/CTD,05/30/0016 18:17,78,96,41.5,-67.0067,LSPRING,GB,29,1160,9.73,C,OBL,STD,468,64,NaN,65,NaN,NaN,NaN,NaN,NaN,22-Jul-0016,22-Jul-0016,PLANKTON,PLANKTON,NaN,18.2833333333333,Day,9.23794666666715,23.5796133333337
38696,70226,GU1608,96,98,BON/CTD,05/30/0016 18:46,79,96,41.4967,-67.005,LSPRING,GB,29,1160,9.74,C,OBL,STD,398,61,NaN,65,NaN,NaN,NaN,NaN,NaN,22-Jul-0016,22-Jul-0016,PLANKTON,PLANKTON,NaN,18.7666666666667,Day,9.23783333333364,23.5795000000002
38697,70227,GU1608,97,99,BON/CTD,05/30/0016 20:43,80,97,41.4967,-66.6733,LSPRING,GB,29,1160,9.7,C,OBL,STD,571,73,NaN,79,NaN,NaN,NaN,NaN,NaN,22-Jul-0016,22-Jul-0016,PLANKTON,PLANKTON,NaN,20.7166666666667,Day,9.21572000000043,23.557386666667
38698,70228,GU1608,98,100,BON/CTD,05/30/0016 23:58,81,98,41.08,-66.43,LSPRING,GB,28,1170,11.17,C,OBL,STD,1077,148,NaN,155,NaN,NaN,NaN,NaN,NaN,22-Jul-0016,22-Jul-0016,PLANKTON,PLANKTON,NaN,23.9666666666667,Night,9.21616666666688,23.5244999999999
38699,70229,GU1608,99,101,BON/CTD,05/31/0016 03:12,82,99,41.495,-66.3383,LSPRING,GB,29,1160,9.9,C,OBL,STD,537,86,NaN,90,NaN,NaN,NaN,NaN,NaN,22-Jul-0016,22-Jul-0016,PLANKTON,PLANKTON,NaN,3.2,Night,9.17671999999999,23.5517200000001
38700,70230,GU1608,100,102,BON/CTD,05/31/0016 04:48,83,100,41.6683,-66.2517,LSPRING,GB,29,1160,8.58,C,OBL,STD,488,83,NaN,88,NaN,NaN,NaN,NaN,NaN,22-Jul-0016,22-Jul-0016,PLANKTON,PLANKTON,NaN,4.8,Night,9.16261333333324,23.5542799999998
38701,70231,GU1608,101,103,BON/CTD,05/31/0016 07:18,84,101,41.6667,-65.8333,LSPRING,GB,28,1170,11.35,C,OBL,STD,999,154,NaN,159,NaN,NaN,NaN,NaN,NaN,22-Jul-0016,22-Jul-0016,PLANKTON,PLANKTON,NaN,7.3,Night,9.13471999999962,23.5263866666662
38702,70232,GU1608,103,105,BON/CTD,05/31/0016 13:08,85,103,41.83,-65.915,LSPRING,GB,29,1160,8.89,C,OBL,STD,791,108,NaN,113,NaN,NaN,NaN,NaN,NaN,22-Jul-0016,22-Jul-0016,PLANKTON,PLANKTON,NaN,13.1333333333333,Day,9.13183333333319,23.5401666666668
38703,70233,GU1608,104,106,BON/CTD,05/31/0016 16:24,86,104,42.2267,-65.7633,LSPRING,GOM,381,1290,9.47,C,OBL,STD,1660,201,NaN,224,NaN,NaN,NaN,NaN,NaN,22-Jul-0016,22-Jul-0016,PLANKTON,PLANKTON,NaN,16.4,Day,9.10505333333328,23.5467199999998
38704,70234,GU1608,105,108,BON/CTD,05/31/0016 19:45,87,105,42.085,-66.1683,LSPRING,GB,32,1210,7.78,C,OBL,STD,584,89,NaN,96,NaN,NaN,NaN,NaN,NaN,22-Jul-0016,22-Jul-0016,PLANKTON,PLANKTON,NaN,19.75,Day,9.14038666666653,23.5653866666666
38705,70235,GU1608,106,109,BON/CTD,05/31/0016 21:51,88,106,41.9167,-66.42,LSPRING,GB,29,1160,9.01,C,OBL,STD,583,86,NaN,91,NaN,NaN,NaN,NaN,NaN,22-Jul-0016,22-Jul-0016,PLANKTON,PLANKTON,NaN,21.85,Day,9.16550000000035,23.573833333334
38706,70236,GU1608,107,110,BON/CTD,05/31/0016 22:57,89,107,41.8317,-66.3367,LSPRING,GB,29,1160,9.15,C,OBL,STD,646,75,NaN,79,NaN,NaN,NaN,NaN,NaN,22-Jul-0016,22-Jul-0016,PLANKTON,PLANKTON,NaN,22.95,Day,9.15994666666694,23.5682800000006
38707,70237,GU1608,108,111,BON/CTD,06/01/0016 01:03,90,108,41.7483,-66.6567,LSPRING,GB,29,1160,8.97,C,OBL,STD,425,61,NaN,65,NaN,NaN,NaN,NaN,NaN,22-Jul-0016,22-Jul-0016,PLANKTON,PLANKTON,NaN,1.05,Night,9.17294666666686,23.5979466666669
38708,70238,GU1608,109,112,BON/CTD,06/01/0016 04:22,91,109,42.165,-66.665,LSPRING,GB,32,1220,10,C,OBL,STD,973,165,NaN,169,NaN,NaN,NaN,NaN,NaN,22-Jul-0016,22-Jul-0016,PLANKTON,PLANKTON,NaN,4.36666666666667,Night,9.15683333333283,23.6151666666664
38709,70239,GU1608,110,113,BON/CTD,06/01/0016 07:01,92,110,41.995,-67.0883,LSPRING,GB,30,1190,9.56,C,OBL,STD,370,49,NaN,54,NaN,NaN,NaN,NaN,NaN,22-Jul-0016,22-Jul-0016,PLANKTON,PLANKTON,NaN,7.01666666666667,Night,9.1933866666671,23.6433866666668
38710,70240,GU1608,111,114,BON/CTD,06/01/0016 08:49,93,111,41.9217,-67.415,LSPRING,GB,31,1200,10.15,C,OBL,STD,409,45,NaN,51,NaN,NaN,NaN,NaN,NaN,22-Jul-0016,22-Jul-0016,PLANKTON,PLANKTON,NaN,8.81666666666667,Night,9.21516666666668,23.6568333333332
38711,70241,GU1608,112,115,BON/CTD,06/01/0016 09:28,94,112,42.0033,-67.4217,LSPRING,GB,31,1200,10.06,C,OBL,STD,333,35,NaN,39,NaN,NaN,NaN,NaN,NaN,22-Jul-0016,22-Jul-0016,PLANKTON,PLANKTON,NaN,9.46666666666667,Day,9.21561333333381,23.6656133333335
38712,70242,GU1608,114,117,BON/CTD,06/01/0016 14:29,95,114,41.7433,-68.165,LSPRING,GB,31,1200,11.7,C,OBL,STD,353,47,NaN,53,NaN,NaN,NaN,NaN,NaN,22-Jul-0016,22-Jul-0016,PLANKTON,PLANKTON,NaN,14.4833333333333,Day,9.27349999999985,23.6984999999999
38713,70243,GU1608,115,118,BON/CTD,06/01/0016 17:32,96,115,41.245,-68.0833,LSPRING,GB,30,1190,10.79,C,OBL,STD,363,40,NaN,44,NaN,NaN,NaN,NaN,NaN,22-Jul-0016,22-Jul-0016,PLANKTON,PLANKTON,NaN,17.5333333333333,Day,9.28472000000017,23.6763866666667
38714,70244,GU1608,116,119,BON/CTD,06/01/0016 19:20,97,116,40.9983,-68.1683,LSPRING,GB,30,1190,10.98,C,OBL,STD,443,41,NaN,44,NaN,NaN,NaN,NaN,NaN,22-Jul-0016,22-Jul-0016,PLANKTON,PLANKTON,NaN,19.3333333333333,Day,9.3070533333335,23.6653866666665
38715,70245,GU1608,117,120,BON/CTD,06/01/0016 21:46,98,117,40.75,-68.3383,LSPRING,GB,30,1190,11.17,C,OBL,STD,510,56,NaN,60,NaN,NaN,NaN,NaN,NaN,22-Jul-0016,22-Jul-0016,PLANKTON,PLANKTON,NaN,21.7666666666667,Day,9.32672000000054,23.6683866666671
38716,70246,GU1608,118,121,BON/CTD,06/01/0016 23:33,99,118,40.835,-68.6683,LSPRING,GB,30,1190,9.86,C,OBL,STD,406,57,NaN,62,NaN,NaN,NaN,NaN,NaN,22-Jul-0016,22-Jul-0016,PLANKTON,PLANKTON,NaN,23.55,Day,9.34872000000025,23.6903866666668
38717,70247,GU1608,120,123,BON/CTD,06/02/0016 03:26,100,120,40.9817,-69.055,LSPRING,SNE,23,1100,9.56,C,OBL,STD,444,75,NaN,79,NaN,NaN,NaN,NaN,NaN,22-Jul-0016,22-Jul-0016,PLANKTON,PLANKTON,NaN,3.43333333333333,Night,9.34949999999964,23.7411666666662
38718,70248,GU1608,121,124,BON/CTD,06/02/0016 05:52,101,121,41.1617,-68.7533,LSPRING,GOM,33,1230,9.6,C,OBL,STD,399,55,NaN,60,NaN,NaN,NaN,NaN,NaN,22-Jul-0016,22-Jul-0016,PLANKTON,PLANKTON,NaN,5.86666666666667,Night,9.32105333333363,23.7293866666673
38719,70249,GU1608,122,125,BON/CTD,06/02/0016 08:15,102,122,41.415,-69.0083,LSPRING,GOM,34,1240,12.55,C,OBL,STD,942,145,NaN,151,NaN,NaN,NaN,NaN,NaN,22-Jul-0016,22-Jul-0016,PLANKTON,PLANKTON,NaN,8.25,Night,9.32972000000047,23.7547200000005
38720,70250,GU1608,123,126,BON/CTD,06/02/0016 10:06,103,123,41.665,-69.0017,LSPRING,GOM,34,1240,12.67,C,OBL,STD,1087,153,NaN,159,NaN,NaN,NaN,NaN,NaN,22-Jul-0016,22-Jul-0016,PLANKTON,PLANKTON,NaN,10.1,Day,9.31261333333311,23.7709466666667
38721,70251,GU1608,124,127,BON/CTD,06/02/0016 11:15,104,124,41.745,-69.0883,LSPRING,GOM,34,1240,12.46,C,OBL,STD,1187,166,NaN,171,NaN,NaN,NaN,NaN,NaN,22-Jul-0016,22-Jul-0016,PLANKTON,PLANKTON,NaN,11.25,Day,9.31838666666664,23.7767200000002
38722,70252,GU1608,125,128,BON/CTD,06/02/0016 14:10,105,125,42.085,-69.3383,LSPRING,GOM,37,1280,12.85,C,OBL,STD,1418,208,NaN,216,NaN,NaN,NaN,NaN,NaN,22-Jul-0016,22-Jul-0016,PLANKTON,PLANKTON,NaN,14.1666666666667,Day,9.31838666666664,23.8100533333331
38723,70253,GU1608,126,129,BON/CTD,06/02/0016 17:32,106,126,42.0767,-69.9233,LSPRING,GOM,36,1260,13.9,C,OBL,STD,598,84,NaN,88,NaN,NaN,NaN,NaN,NaN,22-Jul-0016,22-Jul-0016,PLANKTON,PLANKTON,NaN,17.5333333333333,Day,9.3573866666664,23.8490533333328
38724,70254,GU1608,127,130,BON/CTD,06/03/0016 06:54,107,127,41.2533,-70.655,LSPRING,SNE,25,3460,13.73,C,OBL,STD,397,20,NaN,26,NaN,NaN,NaN,NaN,NaN,22-Jul-0016,22-Jul-0016,PLANKTON,PLANKTON,NaN,6.9,Night,9.43116666666703,23.8728333333335
38725,70255,GU1608,128,131,BON/CTD,06/03/0016 08:51,108,128,41.265,-70.98,LSPRING,SNE,20,1050,14.16,C,OBL,STD,319,36,NaN,41,NaN,NaN,NaN,NaN,NaN,22-Jul-0016,22-Jul-0016,PLANKTON,PLANKTON,NaN,8.85,Night,9.45283333333379,23.8945000000003
38726,70256,GU1608,129,132,BON/CTD,06/07/0016 23:45,109,129,42.1667,-70.5767,LSPRING,GOM,35,3590,14.02,C,OBL,STD,310,25,NaN,29,NaN,NaN,NaN,NaN,NaN,22-Jul-0016,22-Jul-0016,PLANKTON,PLANKTON,NaN,23.75,Day,9.32594666666666,23.9759466666669
38727,70257,GU1608,130,133,BON/CTD,06/08/0016 01:07,110,130,42.1633,-70.3367,LSPRING,GOM,36,1260,14.1,C,OBL,STD,237,22,NaN,26,NaN,NaN,NaN,NaN,NaN,22-Jul-0016,22-Jul-0016,PLANKTON,PLANKTON,NaN,1.11666666666667,Night,9.2932799999997,23.9766133333334
38728,70258,GU1608,133,136,BON/CTD,06/08/0016 05:34,111,133,42.4217,-70.605,LSPRING,GOM,36,1260,14.56,C,OBL,STD,572,84,NaN,89,NaN,NaN,NaN,NaN,NaN,22-Jul-0016,22-Jul-0016,PLANKTON,PLANKTON,NaN,5.56666666666667,Night,9.30283333333324,0.00283333333339518
38729,70259,GU1608,135,139,BON/CTD,06/08/0016 11:29,112,135,42.4983,-69.655,LSPRING,GOM,37,1280,12.97,C,OBL,STD,1558,201,NaN,250,NaN,NaN,NaN,NaN,NaN,22-Jul-0016,22-Jul-0016,PLANKTON,PLANKTON,NaN,11.4833333333333,Day,9.23116666666653,23.9478333333331
38730,70260,GU1608,136,141,BON/CTD,06/08/0016 14:33,113,136,42.6583,-69.325,LSPRING,GOM,37,1280,12.84,C,OBL,STD,1387,211,NaN,220,NaN,NaN,NaN,NaN,NaN,22-Jul-0016,22-Jul-0016,PLANKTON,PLANKTON,NaN,14.55,Day,9.20083333333361,23.9341666666666
38731,70261,GU1608,137,142,BON/CTD,06/08/0016 17:48,114,137,43.08,-69.4183,LSPRING,GOM,41,1370,14.09,C,OBL,STD,1180,172,NaN,179,NaN,NaN,NaN,NaN,NaN,22-Jul-0016,22-Jul-0016,PLANKTON,PLANKTON,NaN,17.8,Day,9.19038666666649,23.957053333333
38732,70262,GU1608,138,143,BON/CTD,06/08/0016 20:54,115,138,42.995,-68.83,LSPRING,GOM,41,1370,12.53,C,OBL,STD,1520,174,NaN,183,NaN,NaN,NaN,NaN,NaN,22-Jul-0016,22-Jul-0016,PLANKTON,PLANKTON,NaN,20.9,Day,9.1511666666666,23.9178333333331
38733,70263,GU1608,139,144,BON/CTD,06/08/0016 23:53,116,139,43.0817,-68.335,LSPRING,GOM,42,1360,12.58,C,OBL,STD,1478,194,NaN,203,NaN,NaN,NaN,NaN,NaN,22-Jul-0016,22-Jul-0016,PLANKTON,PLANKTON,NaN,23.8833333333333,Day,9.1181666666667,23.8848333333332
38734,70264,GU1608,140,145,BON/CTD,06/09/0016 01:44,117,140,43.245,-68.1717,LSPRING,GOM,42,1360,12.41,C,OBL,STD,1329,201,NaN,206,NaN,NaN,NaN,NaN,NaN,22-Jul-0016,22-Jul-0016,PLANKTON,PLANKTON,NaN,1.73333333333333,Night,9.08228000000037,23.8989466666669
38735,70265,GU1608,141,146,BON/CTD,06/09/0016 05:05,118,141,43.0183,-67.705,LSPRING,GOM,42,1360,10.51,C,OBL,STD,1116,166,NaN,175,NaN,NaN,NaN,NaN,NaN,22-Jul-0016,22-Jul-0016,PLANKTON,PLANKTON,NaN,5.08333333333333,Night,9.0594999999999,23.8595
38736,70266,GU1608,142,148,BON/CTD,06/09/0016 08:47,119,142,42.74,-67.4133,LSPRING,GOM,382,1290,10.11,C,OBL,STD,2170,200,NaN,207,NaN,NaN,NaN,NaN,NaN,22-Jul-0016,22-Jul-0016,PLANKTON,PLANKTON,NaN,8.78333333333333,Night,9.0567200000001,23.8233866666666
38737,70267,GU1608,143,149,BON/CTD,06/09/0016 12:40,120,143,42.3267,-67.7467,LSPRING,GOM,382,1290,11.4,C,OBL,STD,1349,212,NaN,220,NaN,NaN,NaN,NaN,NaN,22-Jul-0016,22-Jul-0016,PLANKTON,PLANKTON,NaN,12.6666666666667,Day,9.10394666666713,23.8206133333337
38738,70268,GU1608,144,150,BON/CTD,06/09/0016 15:36,121,144,42.325,-67.2417,LSPRING,GOM,39,1300,11.07,C,OBL,STD,1197,202,NaN,295,NaN,NaN,NaN,NaN,NaN,22-Jul-0016,22-Jul-0016,PLANKTON,PLANKTON,NaN,15.6,Day,9.07027999999997,23.7869466666665
38739,70269,GU1608,145,152,BON/CTD,06/09/0016 17:44,123,145,42.37,-67.04,LSPRING,GOM,39,1300,11.47,C,OBL,STD,1173,203,NaN,337,NaN,NaN,NaN,NaN,NaN,22-Jul-0016,22-Jul-0016,PLANKTON,PLANKTON,NaN,17.7333333333333,Day,9.04850000000039,23.7818333333334
38740,70270,GU1608,146,154,BON/CTD,06/09/0016 20:19,124,146,42.4967,-66.8333,LSPRING,GOM,39,1300,11.33,C,OBL,STD,1551,201,NaN,291,NaN,NaN,NaN,NaN,NaN,22-Jul-0016,22-Jul-0016,PLANKTON,PLANKTON,NaN,20.3166666666667,Day,9.0263866666665,23.7680533333334
38741,70271,GU1608,147,155,BON/CTD,06/09/0016 23:39,125,147,42.8217,-67.0733,LSPRING,GOM,42,1360,10.51,C,OBL,STD,1400,198,NaN,206,NaN,NaN,NaN,NaN,NaN,22-Jul-0016,22-Jul-0016,PLANKTON,PLANKTON,NaN,23.65,Day,9.03405333333314,23.8007199999997
38742,70272,GU1608,148,156,BON/CTD,06/10/0016 02:10,126,148,42.7483,-66.6683,LSPRING,GOM,47,1310,8.61,C,OBL,STD,1119,165,NaN,169,NaN,NaN,NaN,NaN,NaN,22-Jul-0016,22-Jul-0016,PLANKTON,PLANKTON,NaN,2.16666666666667,Night,8.99038666666667,23.7903866666667
38743,70273,GU1608,149,157,BON/CTD,06/10/0016 04:52,127,149,42.7483,-66.2533,LSPRING,GOM,47,1320,8.84,C,OBL,STD,391,56,NaN,63,NaN,NaN,NaN,NaN,NaN,22-Jul-0016,22-Jul-0016,PLANKTON,PLANKTON,NaN,4.86666666666667,Night,8.96272000000005,23.7627200000001
38744,70274,GU1608,150,158,BON/CTD,06/10/0016 08:55,128,150,42.8267,-65.4117,LSPRING,GOM,47,1310,9.6,C,OBL,STD,1146,126,NaN,131,NaN,NaN,NaN,NaN,NaN,22-Jul-0016,22-Jul-0016,PLANKTON,PLANKTON,NaN,8.91666666666667,Day,8.90661333333361,23.7066133333337
38745,70275,GU1608,152,160,BON/CTD,06/10/0016 19:51,129,152,43.745,-66.8333,LSPRING,GOM,43,1340,9.95,C,OBL,STD,1422,165,NaN,170,NaN,NaN,NaN,NaN,NaN,22-Jul-0016,22-Jul-0016,PLANKTON,PLANKTON,NaN,19.85,Day,8.95138666666691,23.8513866666669
38746,70276,GU1608,153,161,BON/CTD,06/10/0016 21:40,130,153,43.8017,-66.5717,LSPRING,GOM,44,1330,9.09,C,OBL,STD,1062,94,NaN,98,NaN,NaN,NaN,NaN,NaN,22-Jul-0016,22-Jul-0016,PLANKTON,PLANKTON,NaN,21.6666666666667,Day,8.9339466666666,23.8339466666666
38747,70277,GU1608,154,162,BON/CTD,06/11/0016 00:04,131,154,43.995,-66.9233,LSPRING,GOM,43,1340,10.21,C,OBL,STD,1025,160,NaN,164,NaN,NaN,NaN,NaN,NaN,22-Jul-0016,22-Jul-0016,PLANKTON,PLANKTON,NaN,0.0666666666666667,Night,8.93238666666645,23.8907200000003
38748,70278,GU1608,155,163,BON/CTD,06/11/0016 02:19,132,155,44.24,-66.7617,LSPRING,GOM,46,1351,8.88,C,OBL,STD,1307,178,NaN,183,NaN,NaN,NaN,NaN,NaN,22-Jul-0016,22-Jul-0016,PLANKTON,PLANKTON,NaN,2.31666666666667,Night,8.90494666666683,23.8882800000003
38749,70279,GU1608,156,164,BON/CTD,06/11/0016 05:11,133,156,44.465,-67.2217,,,482,3900,7.8,C,OBL,STD,680,91,NaN,98,NaN,NaN,NaN,NaN,NaN,22-Jul-0016,22-Jul-0016,PLANKTON,PLANKTON,NaN,5.18333333333333,Night,8.92728000000017,23.9356133333333
38750,70280,GU1608,157,166,BON/CTD,06/11/0016 07:19,134,157,44.3233,-67.4167,LSPRING,GOM,41,1380,8.66,C,OBL,STD,721,112,NaN,119,NaN,NaN,NaN,NaN,NaN,22-Jul-0016,22-Jul-0016,PLANKTON,PLANKTON,NaN,7.31666666666667,Night,8.9486133333333,23.94028
38751,70281,GU1608,158,167,BON/CTD,06/11/0016 09:08,135,158,44.1933,-67.7,LSPRING,GOM,41,1380,8.06,C,OBL,STD,1278,172,NaN,178,NaN,NaN,NaN,NaN,NaN,22-Jul-0016,22-Jul-0016,PLANKTON,PLANKTON,NaN,9.13333333333333,Day,8.97583333333347,23.9508333333337
38752,70282,GU1608,159,169,BON/CTD,06/11/0016 13:50,136,159,43.655,-67.495,LSPRING,GOM,42,1360,11.02,C,OBL,STD,1374,200,NaN,226,NaN,NaN,NaN,NaN,NaN,22-Jul-0016,22-Jul-0016,PLANKTON,PLANKTON,NaN,13.8333333333333,Day,8.98716666666661,23.903833333333
38753,70283,GU1608,160,171,BON/CTD,06/11/0016 16:42,138,160,43.395,-67.6883,LSPRING,GOM,42,1360,10.81,C,OBL,OT,1209,202,NaN,247,NaN,NaN,NaN,NaN,NaN,22-Jul-0016,22-Jul-0016,PLANKTON,PLANKTON,NaN,16.7,Day,9.01672000000014,23.9083866666669
38754,70284,GU1608,161,173,BON/CTD,06/11/0016 18:50,139,161,43.5033,-67.88,LSPRING,GOM,42,1360,11.09,C,OBL,STD,1399,200,NaN,247,NaN,NaN,NaN,NaN,NaN,22-Jul-0016,22-Jul-0016,PLANKTON,PLANKTON,NaN,18.8333333333333,Day,9.02116666666672,23.9211666666667
38755,70285,GU1608,162,175,BON/CTD,06/11/0016 23:15,140,162,43.66,-68.5817,LSPRING,GOM,41,1380,9.75,C,OBL,STD,1147,158,NaN,164,NaN,NaN,NaN,NaN,NaN,22-Jul-0016,22-Jul-0016,PLANKTON,PLANKTON,NaN,23.25,Day,9.05961333333341,23.9762799999998
38756,70286,GU1608,163,176,BON/CTD,06/12/0016 00:33,141,163,43.7767,-68.65,LSPRING,GOM,41,1380,9.47,C,OBL,STD,787,97,NaN,105,NaN,NaN,NaN,NaN,NaN,22-Jul-0016,22-Jul-0016,PLANKTON,PLANKTON,NaN,0.55,Night,9.04749999999951,0.00583333333332424
38757,70287,GU1608,164,178,BON/CTD,06/12/0016 03:11,142,164,43.8283,-69.07,LSPRING,GOM,45,1390,10.7,C,OBL,STD,504,66,NaN,72,NaN,NaN,NaN,NaN,NaN,22-Jul-0016,22-Jul-0016,PLANKTON,PLANKTON,NaN,3.18333333333333,Night,9.07549999999975,0.0338333333335716
38758,70288,GU1608,166,180,BON/CTD,06/12/0016 09:22,143,166,43.4183,-70.2433,LSPRING,GOM,40,3720,13.16,C,OBL,STD,540,81,NaN,85,NaN,NaN,NaN,NaN,NaN,22-Jul-0016,22-Jul-0016,PLANKTON,PLANKTON,NaN,9.36666666666667,Day,9.17038666666719,0.0953866666667939
38759,70289,GU1608,168,182,BON/CTD,06/12/0016 12:58,144,168,42.9917,-70.42,LSPRING,GOM,40,1400,12.53,C,OBL,STD,699,100,NaN,105,NaN,NaN,NaN,NaN,NaN,22-Jul-0016,22-Jul-0016,PLANKTON,PLANKTON,NaN,12.9666666666667,Day,9.20716666666641,0.0821666666667473
38760,70290,GU1608,169,184,BON/CTD,06/12/0016 14:17,145,169,43.0767,-70.335,LSPRING,GOM,36,1270,12.97,C,OBL,STD,664,112,NaN,119,NaN,NaN,NaN,NaN,NaN,22-Jul-0016,22-Jul-0016,PLANKTON,PLANKTON,NaN,14.2833333333333,Day,9.19316666666697,0.0765000000005178
38761,70291,GU1608,170,185,BON/CTD,06/12/0016 15:28,146,170,43.1583,-70.1617,LSPRING,GOM,36,1270,13.48,C,OBL,STD,830,142,NaN,147,NaN,NaN,NaN,NaN,NaN,22-Jul-0016,22-Jul-0016,PLANKTON,PLANKTON,NaN,15.4666666666667,Day,9.18161333333302,0.07327999999978
38762,70292,GU1608,171,186,BON/CTD,06/12/0016 17:08,147,171,43.325,-69.9933,LSPRING,GOM,36,1270,13.02,C,OBL,STD,1107,157,NaN,162,NaN,NaN,NaN,NaN,NaN,22-Jul-0016,22-Jul-0016,PLANKTON,PLANKTON,NaN,17.1333333333333,Day,9.16205333333329,0.0703866666664756
38763,70293,GU1608,172,187,BON/CTD,06/12/0016 18:14,148,172,43.2383,-70,LSPRING,GOM,36,1270,12.61,C,OBL,STD,676,108,NaN,112,NaN,NaN,NaN,NaN,NaN,22-Jul-0016,22-Jul-0016,PLANKTON,PLANKTON,NaN,18.2333333333333,Day,9.16250000000042,0.0625000000003941
38764,70294,GU1608,173,188,BON/CTD,06/12/0016 19:35,149,173,43.075,-70.085,LSPRING,GOM,36,1260,12.58,C,OBL,STD,633,95,NaN,100,NaN,NaN,NaN,NaN,NaN,22-Jul-0016,22-Jul-0016,PLANKTON,PLANKTON,NaN,19.5833333333333,Day,9.17649999999987,0.0598333333334116
38765,70295,GU1608,174,189,BON/CTD,06/12/0016 21:27,150,174,42.8283,-70.005,LSPRING,GOM,36,1270,12.67,C,OBL,STD,1283,174,NaN,179,NaN,NaN,NaN,NaN,NaN,22-Jul-0016,22-Jul-0016,PLANKTON,PLANKTON,NaN,21.45,Day,9.18783333333301,0.0461666666669165
38766,70296,GU1608,175,190,BON/CTD,06/12/0016 22:41,151,175,42.8267,-70.1617,LSPRING,GOM,36,1260,12.57,C,OBL,STD,838,100,NaN,107,NaN,NaN,NaN,NaN,NaN,22-Jul-0016,22-Jul-0016,PLANKTON,PLANKTON,NaN,22.6833333333333,Day,9.19827999999945,0.0566133333333558
38767,70297,GU1608,176,191,BON/CTD,06/13/0016 00:04,152,176,42.9017,-70.3267,LSPRING,GOM,36,1270,12.48,C,OBL,STD,1187,162,NaN,167,NaN,NaN,NaN,NaN,NaN,22-Jul-0016,22-Jul-0016,PLANKTON,PLANKTON,NaN,0.0666666666666667,Day,9.19261333333322,0.0842799999999746
38768,70298,GU1608,177,192,BON/CTD,06/13/0016 02:20,153,177,42.74,-70.6517,LSPRING,GOM,35,3650,12.35,C,OBL,STD,441,39,NaN,45,NaN,NaN,NaN,NaN,NaN,22-Jul-0016,22-Jul-0016,PLANKTON,PLANKTON,NaN,2.33333333333333,Night,9.22261333333319,0.0976133333335232
38769,70299,GU1608,178,193,BON/CTD,06/13/0016 03:28,154,178,42.6583,-70.4933,LSPRING,GOM,35,3660,12.37,C,OBL,STD,550,83,NaN,87,NaN,NaN,NaN,NaN,NaN,22-Jul-0016,22-Jul-0016,PLANKTON,PLANKTON,NaN,3.46666666666667,Night,9.22038666666646,0.0870533333335819
38770,70300,GU1608,179,194,BON/CTD,06/13/0016 04:07,155,179,42.6617,-70.42,LSPRING,GOM,35,3660,12.08,C,OBL,STD,342,41,NaN,46,NaN,NaN,NaN,NaN,NaN,22-Jul-0016,22-Jul-0016,PLANKTON,PLANKTON,NaN,4.11666666666667,Night,9.21549999999963,0.0821666666667473
38771,70301,GU1608,180,195,BON/CTD,06/13/0016 04:57,156,180,42.5783,-70.5017,LSPRING,GOM,36,1260,12.14,C,OBL,STD,488,76,NaN,80,NaN,NaN,NaN,NaN,NaN,22-Jul-0016,22-Jul-0016,PLANKTON,PLANKTON,NaN,4.95,Night,9.22094666666641,0.0792800000003202
38772,70302,GU1608,181,196,BON/CTD,06/13/0016 05:37,157,181,42.5783,-70.4183,LSPRING,GOM,36,1260,12.26,C,OBL,STD,790,123,NaN,127,NaN,NaN,NaN,NaN,NaN,22-Jul-0016,22-Jul-0016,PLANKTON,PLANKTON,NaN,5.61666666666667,Night,9.21538666666612,0.0737200000000333
38773,70303,GU1608,182,197,BON/CTD,06/13/0016 06:31,158,182,42.4933,-70.42,LSPRING,GOM,36,1260,12.41,C,OBL,STD,520,76,NaN,80,NaN,NaN,NaN,NaN,NaN,22-Jul-0016,22-Jul-0016,PLANKTON,PLANKTON,NaN,6.51666666666667,Night,9.22383333333352,0.0654999999996411
38774,70304,GU1608,183,198,BON/CTD,06/13/0016 07:53,159,183,42.495,-70.67,LSPRING,GOM,35,3660,12.81,C,OBL,STD,512,60,NaN,64,NaN,NaN,NaN,NaN,NaN,22-Jul-0016,22-Jul-0016,PLANKTON,PLANKTON,NaN,7.88333333333333,Night,9.24050000000063,0.0821666666667473
38775,70305,GU1608,184,199,BON/CTD,06/13/0016 09:02,160,184,42.42,-70.8283,LSPRING,GOM,35,3640,12.82,C,OBL,STD,426,31,NaN,35,NaN,NaN,NaN,NaN,NaN,22-Jul-0016,22-Jul-0016,PLANKTON,PLANKTON,NaN,9.03333333333333,Night,9.25105333333369,0.0927199999998114
38776,70306,GU1608,185,200,BON/CTD,06/13/0016 09:41,161,185,42.415,-70.7517,LSPRING,GOM,35,3650,13.46,C,OBL,STD,446,36,NaN,40,NaN,NaN,NaN,NaN,NaN,22-Jul-0016,22-Jul-0016,PLANKTON,PLANKTON,NaN,9.68333333333333,Day,9.24594666666673,0.0876133333328501
38777,70307,GU1608,186,201,BON/CTD,06/13/0016 11:01,162,186,42.2467,-70.67,LSPRING,GOM,35,3640,13.12,C,OBL,STD,464,26,NaN,30,NaN,NaN,NaN,NaN,NaN,22-Jul-0016,22-Jul-0016,PLANKTON,PLANKTON,NaN,11.0166666666667,Day,9.24883333333384,0.0738333333335352
38778,70308,GU1608,187,202,BON/CTD,06/13/0016 12:35,163,187,42.0717,-70.4983,LSPRING,GOM,35,3610,12.58,C,OBL,STD,299,44,NaN,48,NaN,NaN,NaN,NaN,NaN,22-Jul-0016,22-Jul-0016,PLANKTON,PLANKTON,NaN,12.5833333333333,Day,9.24572000000041,0.0540533333336801
38779,70309,GU1608,188,203,BON/CTD,06/13/0016 13:33,164,188,42.1633,-70.42,LSPRING,GOM,36,1260,12.45,C,OBL,STD,331,60,NaN,65,NaN,NaN,NaN,NaN,NaN,22-Jul-0016,22-Jul-0016,PLANKTON,PLANKTON,NaN,13.55,Day,9.24049999999994,0.0488333333332169
38780,70310,GU1608,189,204,BON/CTD,06/13/0016 14:23,165,189,42.2467,-70.335,LSPRING,GOM,36,1260,11.73,C,OBL,STD,404,54,NaN,59,NaN,NaN,NaN,NaN,NaN,22-Jul-0016,22-Jul-0016,PLANKTON,PLANKTON,NaN,14.3833333333333,Day,9.2265000000005,0.0515000000001995
38781,70311,GU1608,190,205,BON/CTD,06/13/0016 15:09,166,190,42.3317,-70.3317,LSPRING,GOM,36,1260,11.85,C,OBL,STD,360,54,NaN,60,NaN,NaN,NaN,NaN,NaN,22-Jul-0016,22-Jul-0016,PLANKTON,PLANKTON,NaN,15.15,Day,9.22628000000038,0.0512800000000728
38782,70312,GU1608,191,206,BON/CTD,06/13/0016 16:37,167,191,42.4117,-70.0833,LSPRING,GOM,36,1260,12.1,C,OBL,STD,678,85,NaN,87,NaN,NaN,NaN,NaN,NaN,22-Jul-0016,22-Jul-0016,PLANKTON,PLANKTON,NaN,16.6166666666667,Day,9.20138666666668,0.0430533333328034
38783,70313,GU1608,192,207,BON/CTD,06/13/0016 18:52,168,192,42.0783,-70.0017,LSPRING,GOM,35,3610,12.12,C,OBL,STD,336,56,NaN,59,NaN,NaN,NaN,NaN,NaN,22-Jul-0016,22-Jul-0016,PLANKTON,PLANKTON,NaN,18.8666666666667,Day,9.2126133333332,0.0209466666664715
38784,70314,GU1608,193,208,BON/CTD,06/13/0016 20:50,169,193,42.0783,-70.3317,LSPRING,GOM,35,3610,13.44,C,OBL,STD,480,55,NaN,61,NaN,NaN,NaN,NaN,NaN,22-Jul-0016,22-Jul-0016,PLANKTON,PLANKTON,NaN,20.8333333333333,Day,9.23461333333359,0.0429466666668607
38785,70315,GU1608,194,209,BON/CTD,06/13/0016 21:49,170,194,41.9967,-70.2517,LSPRING,GOM,35,3610,15.33,C,OBL,STD,436,39,NaN,44,NaN,NaN,NaN,NaN,NaN,22-Jul-0016,22-Jul-0016,PLANKTON,PLANKTON,NaN,21.8166666666667,Day,9.23761333333352,0.0292800000003657
38786,70316,GU1608,195,210,BON/CTD,06/13/0016 22:34,171,195,41.9967,-70.1717,LSPRING,GOM,35,3600,15.19,C,OBL,STD,374,27,NaN,32,NaN,NaN,NaN,NaN,NaN,22-Jul-0016,22-Jul-0016,PLANKTON,PLANKTON,NaN,22.5666666666667,Day,9.23228000000023,0.0239466666670827
38787,70317,GU1608,196,211,BON/CTD,06/13/0016 23:34,172,196,41.9117,-70.1717,LSPRING,GOM,35,3590,15.43,C,OBL,STD,295,23,NaN,28,NaN,NaN,NaN,NaN,NaN,22-Jul-0016,22-Jul-0016,PLANKTON,PLANKTON,NaN,23.5666666666667,Day,9.23228000000023,0.0239466666670827
38788,70318,GU1608,197,212,BON/CTD,06/14/0016 01:35,173,197,41.83,-70.415,LSPRING,GOM,35,3590,14.41,C,OBL,STD,343,22,NaN,26,NaN,NaN,NaN,NaN,NaN,22-Jul-0016,22-Jul-0016,PLANKTON,PLANKTON,NaN,1.58333333333333,Night,9.24850000000021,0.0485000000002704
38789,70319,GU1608,198,213,BON/CTD,06/14/0016 13:57,174,198,41.2483,-71.0883,,SNE,20,1050,13.88,C,OBL,STD,352,39,NaN,43,NaN,NaN,NaN,NaN,NaN,22-Jul-0016,22-Jul-0016,PLANKTON,PLANKTON,NaN,13.95,Day,9.31838666666664,0.0600533333328561
38790,70320,GU1608,199,214,BON/CTD,06/14/0016 15:16,175,199,41.075,-71.0817,,SNE,20,1050,14.47,C,OBL,STD,355,30,NaN,34,NaN,NaN,NaN,NaN,NaN,22-Jul-0016,22-Jul-0016,PLANKTON,PLANKTON,NaN,15.2666666666667,Day,9.32628000000028,0.0512800000000728
38791,70321,GU1608,200,215,BON/CTD,06/14/0016 16:36,176,200,40.91,-71.0833,,SNE,20,1050,14.13,C,OBL,STD,413,49,NaN,53,NaN,NaN,NaN,NaN,NaN,22-Jul-0016,22-Jul-0016,PLANKTON,PLANKTON,NaN,16.6,Day,9.33472000000012,0.0430533333334855
38792,70322,GU1608,201,216,BON/CTD,06/14/0016 18:08,177,201,41.0817,-70.915,,SNE,20,1050,14.43,C,OBL,STD,385,34,NaN,38,NaN,NaN,NaN,NaN,NaN,22-Jul-0016,22-Jul-0016,PLANKTON,PLANKTON,NaN,18.1333333333333,Day,9.31516666666659,0.0401666666663762
38793,70323,GU1608,202,217,BON/CTD,06/14/0016 20:44,178,202,41.075,-70.4133,,SNE,24,1090,13.38,C,OBL,STD,508,35,NaN,40,NaN,NaN,NaN,NaN,NaN,22-Jul-0016,22-Jul-0016,PLANKTON,PLANKTON,NaN,20.7333333333333,Day,9.28172000000024,0.00672000000002602
38794,70324,GU1608,203,218,BON/CTD,06/14/0016 22:39,179,203,40.915,-70.17,,SNE,24,1090,13.63,C,OBL,STD,428,24,NaN,28,NaN,NaN,NaN,NaN,NaN,22-Jul-0016,22-Jul-0016,PLANKTON,PLANKTON,NaN,22.65,Day,9.27383333333347,23.9821666666668
38795,70325,GU1608,204,219,BON/CTD,06/15/0016 00:42,180,204,40.665,-70.3317,,SNE,24,1090,12.76,C,OBL,STD,333,49,NaN,52,NaN,NaN,NaN,NaN,NaN,22-Jul-0016,22-Jul-0016,PLANKTON,PLANKTON,NaN,0.7,Night,9.29294666666675,23.9929466666669
38796,70326,GU1608,205,220,BON/CTD,06/15/0016 02:48,181,205,40.5,-70.665,,SNE,19,1060,14.02,C,OBL,STD,425,70,NaN,74,NaN,NaN,NaN,NaN,NaN,22-Jul-0016,22-Jul-0016,PLANKTON,PLANKTON,NaN,2.8,Night,9.3234999999998,0.00683333333352797
38797,70327,GU1608,206,221,BON/CTD,06/15/0016 05:35,182,206,40.415,-71.1683,,SNE,19,1060,14.25,C,OBL,STD,442,80,NaN,83,NaN,NaN,NaN,NaN,NaN,22-Jul-0016,22-Jul-0016,PLANKTON,PLANKTON,NaN,5.58333333333333,Night,9.35705333333346,0.040386666667185
38798,70328,GU1608,207,222,BON/CTD,06/15/0016 06:57,183,207,40.5817,-71.085,,SNE,19,1060,14.18,C,OBL,STD,470,68,NaN,72,NaN,NaN,NaN,NaN,NaN,22-Jul-0016,22-Jul-0016,PLANKTON,PLANKTON,NaN,6.95,Night,9.34316666666684,0.0431666666669874
38799,70329,GU1608,208,223,BON/CTD,06/15/0016 08:11,184,208,40.6633,-70.9183,,SNE,19,1060,13.89,C,OBL,STD,463,64,NaN,68,NaN,NaN,NaN,NaN,NaN,22-Jul-0016,22-Jul-0016,PLANKTON,PLANKTON,NaN,8.18333333333333,Night,9.33205333333314,0.0320533333332908
38800,70330,GU1608,209,224,BON/CTD,06/15/0016 09:25,185,209,40.7483,-70.755,,SNE,19,1060,13.67,C,OBL,STD,457,58,NaN,63,NaN,NaN,NaN,NaN,NaN,22-Jul-0016,22-Jul-0016,PLANKTON,PLANKTON,NaN,9.41666666666667,Day,9.31283333333323,0.0294999999998102
38801,70331,GU1608,210,225,BON/CTD,06/15/0016 11:53,186,210,40.7467,-71.2533,,SNE,19,1060,14.1,C,OBL,STD,408,56,NaN,61,NaN,NaN,NaN,NaN,NaN,22-Jul-0016,22-Jul-0016,PLANKTON,PLANKTON,NaN,11.8833333333333,Day,9.34605333333326,0.0627199999998387
38802,70332,GU1608,211,226,BON/CTD,06/15/0016 13:15,187,211,40.7483,-71.5017,,SNE,19,1060,14.57,C,OBL,STD,537,58,NaN,63,NaN,NaN,NaN,NaN,NaN,22-Jul-0016,22-Jul-0016,PLANKTON,PLANKTON,NaN,13.25,Day,9.36261333333306,0.0792799999996381
38803,70333,GU1608,212,227,BON/CTD,06/15/0016 15:30,188,212,40.6633,-71.9133,,SNE,20,1050,15.49,C,OBL,STD,500,47,NaN,52,NaN,NaN,NaN,NaN,NaN,22-Jul-0016,22-Jul-0016,PLANKTON,PLANKTON,NaN,15.5,Day,9.39838666666657,0.098386666666723
38804,70334,GU1608,213,228,BON/CTD,06/15/0016 17:30,189,213,40.6617,-72.2533,,SNE,20,1050,14.8,C,OBL,STD,329,46,NaN,49,NaN,NaN,NaN,NaN,NaN,22-Jul-0016,22-Jul-0016,PLANKTON,PLANKTON,NaN,17.5,Day,9.42105333333354,0.121053333333687
38805,70335,GU1608,214,229,BON/CTD,06/15/0016 19:15,190,214,40.8317,-72.0017,,SNE,20,1050,14.89,C,OBL,STD,343,36,NaN,42,NaN,NaN,NaN,NaN,NaN,22-Jul-0016,22-Jul-0016,PLANKTON,PLANKTON,NaN,19.25,Day,9.39594666666659,0.112613333333168
38806,70336,GU1608,215,230,BON/CTD,06/15/0016 21:35,191,215,40.915,-71.5867,,SNE,20,1050,15.96,C,OBL,STD,389,52,NaN,56,NaN,NaN,NaN,NaN,NaN,22-Jul-0016,22-Jul-0016,PLANKTON,PLANKTON,NaN,21.5833333333333,Day,9.35994666666676,0.0932799999997618
38807,70337,GU1608,216,231,BON/CTD,06/15/0016 23:49,192,216,41.0783,-71.3217,,SNE,20,1050,15.46,C,OBL,STD,319,38,NaN,42,NaN,NaN,NaN,NaN,NaN,22-Jul-0016,22-Jul-0016,PLANKTON,PLANKTON,NaN,23.8166666666667,Day,9.33394666666692,0.083946666666346
38808,70338,GU1608,217,232,BON/CTD,06/16/0016 00:56,193,217,41.165,-71.3183,,SNE,20,1050,15.24,C,OBL,STD,278,39,NaN,43,NaN,NaN,NaN,NaN,NaN,22-Jul-0016,22-Jul-0016,PLANKTON,PLANKTON,NaN,0.933333333333333,Night,9.32538666666671,0.10038666666713
38809,70339,GU1608,218,233,BON/CTD,06/18/0016 11:11,194,218,39.6,-71.2983,,SNE,60,NaN,18.45,C,OBL,OT,974,27,NaN,2168,NaN,NaN,NaN,NaN,NaN,22-Jul-0016,22-Jul-0016,PLANKTON,PLANKTON,NaN,11.1833333333333,Day,9.38238666666672,0.0407200000001315
38810,70340,GU1608,219,234,BON/CTD,06/18/0016 13:28,195,219,39.265,-71.2983,,SNE,58,NaN,18.02,C,OBL,OT,785,26,NaN,2681,NaN,NaN,NaN,NaN,NaN,22-Jul-0016,22-Jul-0016,PLANKTON,PLANKTON,NaN,13.4666666666667,Day,9.39905333333315,0.0240533333330253
38811,70341,GU1608,220,235,BON/CTD,06/18/0016 15:44,196,220,38.9333,-71.3033,,SNE,58,NaN,17.39,C,OBL,OT,781,26,NaN,2800,NaN,NaN,NaN,NaN,NaN,22-Jul-0016,22-Jul-0016,PLANKTON,PLANKTON,NaN,15.7333333333333,Day,9.4160533333332,0.00772000000022975
38812,70342,GU1608,221,236,BON/CTD,06/18/0016 17:58,197,221,38.6,-71.305,,SNE,58,NaN,21.73,C,OBL,OT,773,26,NaN,2869,NaN,NaN,NaN,NaN,NaN,22-Jul-0016,22-Jul-0016,PLANKTON,PLANKTON,NaN,17.9666666666667,Day,9.43283333333381,-0.000499999999480375
38813,70343,GU1608,222,237,BON/CTD,06/18/0016 19:09,198,222,38.46,-71.345,,SNE,58,NaN,21.94,C,OBL,OT,691,26,NaN,2917,NaN,NaN,NaN,NaN,NaN,22-Jul-0016,22-Jul-0016,PLANKTON,PLANKTON,NaN,19.15,Day,9.44383333333332,23.9938333333329
38814,70344,GU1608,223,238,BON/CTD,06/18/0016 20:18,199,223,38.325,-71.38,,SNE,58,NaN,23.58,C,OBL,OT,641,26,NaN,2973,NaN,NaN,NaN,NaN,NaN,22-Jul-0016,22-Jul-0016,PLANKTON,PLANKTON,NaN,20.3,Day,9.44616666666667,23.9878333333331
38815,70345,GU1608,224,239,BON/CTD,06/18/0016 21:32,200,224,38.18,-71.4167,,,NaN,NaN,23.54,C,OBL,OT,622,26,NaN,3061,NaN,NaN,NaN,NaN,NaN,22-Jul-0016,22-Jul-0016,PLANKTON,PLANKTON,NaN,21.5333333333333,Day,9.45694666666674,23.9819466666667
38816,70346,GU1608,225,240,BON/CTD,06/18/0016 22:52,201,225,38.04,-71.4483,,,NaN,NaN,27.33,C,OBL,OT,790,27,NaN,3168,NaN,NaN,NaN,NaN,NaN,22-Jul-0016,22-Jul-0016,PLANKTON,PLANKTON,NaN,22.8666666666667,Day,9.4673866666663,23.9757199999998
38817,70347,GU1608,226,241,BON/CTD,06/19/0016 00:36,202,226,37.8983,-71.505,,,NaN,NaN,28.2,C,OBL,OT,583,26,NaN,3242,NaN,NaN,NaN,NaN,NaN,22-Jul-0016,22-Jul-0016,PLANKTON,PLANKTON,NaN,0.6,Night,9.47116666666631,23.9878333333331
38818,70348,GU1608,227,242,BON/CTD,06/19/0016 02:48,203,227,37.885,-71.7117,,,NaN,NaN,28.18,C,OBL,OT,597,26,NaN,3153,NaN,NaN,NaN,NaN,NaN,22-Jul-0016,22-Jul-0016,PLANKTON,PLANKTON,NaN,2.8,Night,9.48494666666631,0.00161333333306478
38819,70349,GU1608,228,243,BON/CTD,06/19/0016 06:45,204,228,37.86,-72.14,,,NaN,NaN,27.28,C,OBL,OT,774,27,NaN,3200,NaN,NaN,NaN,NaN,NaN,22-Jul-0016,22-Jul-0016,PLANKTON,PLANKTON,NaN,6.75,Night,9.51349999999963,0.0301666666663853
38820,70350,GU1608,229,244,BON/CTD,06/19/0016 09:37,205,229,37.8267,-72.5717,,MAB,54,NaN,23.65,C,OBL,OT,637,26,NaN,2911,NaN,NaN,NaN,NaN,NaN,22-Jul-0016,22-Jul-0016,PLANKTON,PLANKTON,NaN,9.61666666666667,Day,9.55061333333316,0.0506133333334977
38821,70351,GU1608,230,245,BON/CTD,06/19/0016 12:02,206,230,37.8,-73,,MAB,54,NaN,16.94,C,OBL,OT,594,28,NaN,2739,NaN,NaN,NaN,NaN,NaN,22-Jul-0016,22-Jul-0016,PLANKTON,PLANKTON,NaN,12.0333333333333,Day,9.57916666666648,0.0791666666668183
38822,70352,GU1608,231,246,BON/CTD,06/19/0016 14:09,207,231,37.4817,-73.1167,,MAB,54,NaN,24.26,C,OBL,OT,590,26,NaN,2916,NaN,NaN,NaN,NaN,NaN,22-Jul-0016,22-Jul-0016,PLANKTON,PLANKTON,NaN,14.15,Day,9.59528000000052,0.070280000000533
38823,70353,GU1608,232,247,BON/CTD,06/19/0016 16:50,208,232,37.1617,-73.24,,MAB,54,NaN,24.47,C,OBL,OT,727,26,NaN,2937,NaN,NaN,NaN,NaN,NaN,22-Jul-0016,22-Jul-0016,PLANKTON,PLANKTON,NaN,16.8333333333333,Day,9.62016666666665,0.070166666666349
38824,70354,GU1608,233,248,BON/CTD,06/19/0016 18:53,209,233,37.0017,-73.3017,,MAB,52,NaN,27.53,C,OBL,OT,745,26,NaN,3030,NaN,NaN,NaN,NaN,NaN,22-Jul-0016,22-Jul-0016,PLANKTON,PLANKTON,NaN,18.8833333333333,Day,9.6326133333335,0.0659466666667716
38825,70355,GU1608,234,249,BON/CTD,06/19/0016 20:59,210,234,37,-73.5,,MAB,52,NaN,25.98,C,OBL,OT,741,26,NaN,2862,NaN,NaN,NaN,NaN,NaN,22-Jul-0016,22-Jul-0016,PLANKTON,PLANKTON,NaN,20.9833333333333,Day,9.64583333333355,0.0791666666668183
38826,70356,GU1608,235,250,BON/CTD,06/19/0016 22:45,211,235,37.0017,-73.6983,,MAB,52,NaN,25.16,C,OBL,OT,607,26,NaN,2721,NaN,NaN,NaN,NaN,NaN,22-Jul-0016,22-Jul-0016,PLANKTON,PLANKTON,NaN,22.75,Day,9.65905333333291,0.0923866666661828
38827,70357,GU1608,236,251,BON/CTD,06/20/0016 00:22,212,236,37.0017,-73.8983,,MAB,52,NaN,24.62,C,OBL,OT,643,26,NaN,2490,NaN,NaN,NaN,NaN,NaN,22-Jul-0016,22-Jul-0016,PLANKTON,PLANKTON,NaN,0.366666666666667,Night,9.66405333333325,0.114053333332943
38828,70358,GU1608,237,252,BON/CTD,06/20/0016 01:32,213,237,36.8833,-73.93,,MAB,52,NaN,26.96,C,OBL,OT,607,26,NaN,2624,NaN,NaN,NaN,NaN,NaN,22-Jul-0016,22-Jul-0016,PLANKTON,PLANKTON,NaN,1.53333333333333,Night,9.67449999999969,0.107833333332959
38829,70359,GU1608,238,253,BON/CTD,06/20/0016 02:46,214,238,36.7683,-73.96,,MAB,52,NaN,27.17,C,OBL,OT,663,26,NaN,2628,NaN,NaN,NaN,NaN,NaN,22-Jul-0016,22-Jul-0016,PLANKTON,PLANKTON,NaN,2.76666666666667,Night,9.68483333333331,0.109833333333366
38830,70360,GU1608,239,254,BON/CTD,06/20/0016 04:40,215,239,36.65,-74.1517,,MAB,52,NaN,26.99,C,OBL,OT,700,26,NaN,2353,NaN,NaN,NaN,NaN,NaN,22-Jul-0016,22-Jul-0016,PLANKTON,PLANKTON,NaN,4.66666666666667,Night,9.6976133333331,0.114279999999947
38831,70361,GU1608,240,255,BON/CTD,06/20/0016 05:50,216,240,36.6483,-74.3017,,MAB,52,NaN,26.7,C,OBL,OT,651,26,NaN,2037,NaN,NaN,NaN,NaN,NaN,22-Jul-0016,22-Jul-0016,PLANKTON,PLANKTON,NaN,5.83333333333333,Night,9.70761333333309,0.124279999999938
38832,70362,GU1608,241,256,BON/CTD,06/20/0016 06:57,217,241,36.6483,-74.4517,,MAB,52,NaN,25.64,C,OBL,OT,621,26,NaN,1723,NaN,NaN,NaN,NaN,NaN,22-Jul-0016,22-Jul-0016,PLANKTON,PLANKTON,NaN,6.95,Night,9.71761333333308,0.134279999999929
39063,70594,HB1603,2,2,BON/CTD,06/28/0016 10:02,2,2,40.1833,-71.2833,,SNE,19,1060,17.19,C,OBL,OT,678,92,NaN,96,NaN,NaN,NaN,NaN,NaN,11-Jan-0017,11-Jan-0017,PLANKTON,PLANKTON,NaN,10.0333333333333,Day,9.30638666666693,0.173053333333367
39064,70595,HB1603,3,3,BON/CTD,06/28/0016 16:06,3,3,39.5667,-71.3817,,SNE,58,NaN,19.07,C,OBL,OT,1213,203,NaN,204,NaN,NaN,NaN,NaN,NaN,11-Jan-0017,11-Jan-0017,PLANKTON,PLANKTON,NaN,16.1,Day,9.34628000000027,0.146280000000327
39065,70596,HB1603,4,4,BON/CTD,06/28/0016 22:24,4,4,39.7267,-72.315,,SNE,15,1020,18.04,C,OBL,OT,802,97,NaN,101,NaN,NaN,NaN,NaN,NaN,11-Jan-0017,11-Jan-0017,PLANKTON,PLANKTON,NaN,22.4,Day,9.40016666666685,0.216833333333337
39066,70597,HB1603,9,9,BON/CTD,06/29/0016 23:14,9,9,38.9483,-71.7283,,SNE,58,NaN,21.52,C,OBL,OT,1120,203,NaN,2495,NaN,NaN,NaN,NaN,NaN,11-Jan-0017,11-Jan-0017,PLANKTON,PLANKTON,NaN,23.2333333333333,Day,9.40271999999965,0.144386666666545
39067,70598,HB1603,10,12,BON/CTD,06/30/0016 01:18,12,10,38.95,-71.52,,SNE,58,NaN,20.11,C,OBL,OT,1255,203,NaN,2600,NaN,NaN,NaN,NaN,NaN,11-Jan-0017,11-Jan-0017,PLANKTON,PLANKTON,NaN,1.3,Night,9.38883333333303,0.138833333333135
39068,70599,HB1603,11,13,BON/CTD,06/30/0016 02:53,13,11,38.9233,-71.305,,SNE,58,NaN,20.74,C,OBL,OT,1367,220,NaN,2778,NaN,NaN,NaN,NaN,NaN,11-Jan-0017,11-Jan-0017,PLANKTON,PLANKTON,NaN,2.88333333333333,Night,9.37449999999996,0.116166666666853
39069,70600,HB1603,12,16,BON/CTD,06/30/0016 04:53,16,12,38.9583,-71.0983,,SNE,58,NaN,19.5,C,OBL,OT,1683,203,NaN,2932,NaN,NaN,NaN,NaN,NaN,11-Jan-0017,11-Jan-0017,PLANKTON,PLANKTON,NaN,4.88333333333333,Night,9.36071999999996,0.110720000000068
39070,70601,HB1603,14,18,BON/CTD,06/30/0016 15:59,18,14,38.09,-71.8233,,MAB,56,NaN,23.66,C,OBL,OT,1172,196,NaN,196,NaN,NaN,NaN,NaN,NaN,11-Jan-0017,11-Jan-0017,PLANKTON,PLANKTON,NaN,15.9833333333333,Day,9.45071999999988,0.109053333333289
39071,70602,HB1603,15,19,BON/CTD,07/01/0016 00:23,19,15,37.405,-71.85,,,NaN,NaN,28.35,C,OBL,OT,1195,202,NaN,3399,NaN,NaN,NaN,NaN,NaN,11-Jan-0017,11-Jan-0017,PLANKTON,PLANKTON,NaN,0.383333333333333,Night,9.48583333333301,0.0858333333332515
39072,70603,HB1603,16,22,BON/CTD,07/01/0016 02:25,22,16,37.4133,-71.905,,,NaN,NaN,28.33,C,OBL,OT,1219,211,NaN,3351,NaN,NaN,NaN,NaN,NaN,11-Jan-0017,11-Jan-0017,PLANKTON,PLANKTON,NaN,2.41666666666667,Night,9.4895000000002,0.0895000000004378
39073,70604,HB1603,17,23,BON/CTD,07/01/0016 03:52,23,17,37.5483,-71.855,,,NaN,NaN,26.54,C,OBL,OT,1016,212,NaN,3290,NaN,NaN,NaN,NaN,NaN,11-Jan-0017,11-Jan-0017,PLANKTON,PLANKTON,NaN,3.86666666666667,Night,9.47783333333343,0.0945000000000922
39074,70605,HB1603,18,26,BON/CTD,07/01/0016 05:53,26,18,37.6867,-71.8517,,,NaN,NaN,22.63,C,OBL,OT,1321,204,NaN,3202,NaN,NaN,NaN,NaN,NaN,11-Jan-0017,11-Jan-0017,PLANKTON,PLANKTON,NaN,5.88333333333333,Night,9.4776133333333,0.102613333333178
39075,70606,HB1603,20,28,BON/CTD,07/01/0016 15:54,28,20,36.6333,-72.0967,,,NaN,NaN,25.33,C,OBL,OT,1323,201,NaN,3829,NaN,NaN,NaN,NaN,NaN,11-Jan-0017,11-Jan-0017,PLANKTON,PLANKTON,NaN,15.9,Day,9.54394666666673,0.0689466666667007
39076,70607,HB1603,21,29,BON/CTD,07/01/0016 23:10,29,21,37.29,-72.9717,,MAB,54,NaN,27.92,C,OBL,OT,2279,196,NaN,3046,NaN,NaN,NaN,NaN,NaN,11-Jan-0017,11-Jan-0017,PLANKTON,PLANKTON,NaN,23.1666666666667,Day,9.56894666666637,0.152280000000186
39077,70608,HB1603,22,31,BON/CTD,07/02/0016 08:30,31,22,38.2917,-73.985,,MAB,7,1700,21.26,C,OBL,OT,517,68,NaN,73,NaN,NaN,NaN,NaN,NaN,11-Jan-0017,11-Jan-0017,PLANKTON,PLANKTON,NaN,8.5,Night,9.58650000000017,0.278166666667115
39078,70609,HB1603,23,33,BON/CTD,07/02/0016 23:06,33,23,38.615,-72.8383,,MAB,56,NaN,21.98,C,OBL,OT,1272,204,NaN,2162,NaN,NaN,NaN,NaN,NaN,11-Jan-0017,11-Jan-0017,PLANKTON,PLANKTON,NaN,23.1,Day,9.49338666666683,0.218386666666614
39079,70610,HB1603,26,37,BON/CTD,07/03/0016 04:01,37,26,38.4067,-72.645,,MAB,56,NaN,21.7,C,OBL,OT,1109,204,NaN,2752,NaN,NaN,NaN,NaN,NaN,11-Jan-0017,11-Jan-0017,PLANKTON,PLANKTON,NaN,4.01666666666667,Night,9.48883333333362,0.197166666666984
39080,70611,HB1603,27,39,CTD/IKMT,07/03/0016 05:29,39,27,38.3283,-72.5267,,MAB,56,NaN,24.05,C,OBL,OT,376,22,NaN,2925,NaN,NaN,NaN,NaN,NaN,11-Jan-0017,11-Jan-0017,PLANKTON,PLANKTON,NaN,5.48333333333333,Night,9.48928000000007,0.18928000000022
39080,70612,HB1603,27,40,BON/CTD,07/03/0016 05:42,40,27,38.3217,-72.5267,,MAB,56,NaN,24.15,C,OBL,OT,1280,203,NaN,2928,NaN,NaN,NaN,NaN,NaN,11-Jan-0017,11-Jan-0017,PLANKTON,PLANKTON,NaN,5.7,Night,9.48928000000007,0.18928000000022
39081,70613,HB1603,29,42,BON/CTD,07/03/0016 16:00,42,29,39.2717,-72.8233,,SNE,15,1020,21.2,C,OBL,OT,402,75,NaN,83,NaN,NaN,NaN,NaN,NaN,11-Jan-0017,11-Jan-0017,PLANKTON,PLANKTON,NaN,16,Day,9.45905333333309,0.259053333333153
39082,70614,HB1603,30,43,BON/CTD,07/04/0016 00:15,43,30,39.215,-71.67,,SNE,58,NaN,21.16,C,OBL,OT,1029,203,NaN,2382,NaN,NaN,NaN,NaN,NaN,11-Jan-0017,11-Jan-0017,PLANKTON,PLANKTON,NaN,0.25,Night,9.39049999999981,0.182166666666656
39083,70615,HB1603,33,47,BON/CTD,07/04/0016 04:35,47,33,39.0483,-71.3467,,SNE,58,NaN,20.65,C,OBL,OT,1313,204,NaN,2808,NaN,NaN,NaN,NaN,NaN,11-Jan-0017,11-Jan-0017,PLANKTON,PLANKTON,NaN,4.58333333333333,Night,9.37727999999976,0.152280000000186
39084,70616,HB1603,35,50,BON/CTD,07/04/0016 15:57,50,35,38.74,-70.6833,,SNE,58,NaN,24.99,C,OBL,OT,1323,197,NaN,3000,NaN,NaN,NaN,NaN,NaN,11-Jan-0017,11-Jan-0017,PLANKTON,PLANKTON,NaN,15.95,Day,9.34971999999977,0.0913866666666612
39085,70617,HB1603,36,51,BON/CTD,07/04/0016 22:59,51,36,38.3833,-69.875,,,NaN,NaN,28.05,C,OBL,OT,1003,206,NaN,3529,NaN,NaN,NaN,NaN,NaN,11-Jan-0017,11-Jan-0017,PLANKTON,PLANKTON,NaN,22.9833333333333,Day,9.31249999999961,0.0208333333329695
39085,70618,HB1603,36,52,CTD/IKMT,07/04/0016 23:26,52,36,38.3967,-69.8383,,,NaN,NaN,27.95,C,OBL,OT,572,26,NaN,3520,NaN,NaN,NaN,NaN,NaN,11-Jan-0017,11-Jan-0017,PLANKTON,PLANKTON,NaN,23.4333333333333,Day,9.31005333333343,0.0183866666667958
39086,70619,HB1603,37,53,BON/CTD,07/05/0016 02:01,53,37,38.4383,-70.0817,,,NaN,NaN,27.56,C,OBL,OT,1278,203,NaN,3419,NaN,NaN,NaN,NaN,NaN,11-Jan-0017,11-Jan-0017,PLANKTON,PLANKTON,NaN,2.01666666666667,Night,9.3262799999996,0.0429466666661786
39086,70620,HB1603,37,54,CTD/IKMT,07/05/0016 02:29,54,37,38.435,-70.0583,,,NaN,NaN,27.61,C,OBL,OT,446,27,NaN,3434,NaN,NaN,NaN,NaN,NaN,11-Jan-0017,11-Jan-0017,PLANKTON,PLANKTON,NaN,2.48333333333333,Night,9.32472000000013,0.0413866666667066
39087,70621,HB1603,38,55,BON/CTD,07/05/0016 03:51,55,38,38.485,-70.1683,,,NaN,NaN,25.64,C,OBL,OT,1230,203,NaN,3326,NaN,NaN,NaN,NaN,NaN,11-Jan-0017,11-Jan-0017,PLANKTON,PLANKTON,NaN,3.85,Night,9.32371999999993,0.048719999999715
39087,70622,HB1603,38,56,CTD/IKMT,07/05/0016 04:17,56,38,38.48,-70.1533,,,NaN,NaN,24.94,C,OBL,OT,406,28,NaN,3338,NaN,NaN,NaN,NaN,NaN,11-Jan-0017,11-Jan-0017,PLANKTON,PLANKTON,NaN,4.28333333333333,Night,9.32271999999972,0.0477199999995113
39088,70623,HB1603,42,60,BON/CTD,07/06/0016 15:59,60,42,37.8367,-68.9317,,,NaN,NaN,27.69,C,OBL,OT,1300,203,NaN,4124,NaN,NaN,NaN,NaN,NaN,11-Jan-0017,11-Jan-0017,PLANKTON,PLANKTON,NaN,15.9833333333333,Day,9.28294666666676,23.9412800000002
39089,70624,HB1603,43,61,BON/CTD,07/06/0016 22:57,61,43,37.6683,-68.24,,,NaN,NaN,28.38,C,OBL,OT,1435,205,NaN,4708,NaN,NaN,NaN,NaN,NaN,11-Jan-0017,11-Jan-0017,PLANKTON,PLANKTON,NaN,22.95,Day,9.24516666666665,23.8868333333336
39089,70625,HB1603,43,62,CTD/IKMT,07/06/0016 23:32,62,43,37.6467,-68.2433,,,NaN,NaN,28.37,C,OBL,OT,437,27,NaN,4719,NaN,NaN,NaN,NaN,NaN,11-Jan-0017,11-Jan-0017,PLANKTON,PLANKTON,NaN,23.5333333333333,Day,9.24538666666678,23.8870533333338
39090,70626,HB1603,44,63,BON/CTD,07/07/0016 00:41,63,44,37.5,-68.2983,,,NaN,NaN,26.06,C,OBL,OT,1208,203,NaN,4766,NaN,NaN,NaN,NaN,NaN,11-Jan-0017,11-Jan-0017,PLANKTON,PLANKTON,NaN,0.683333333333333,Night,9.25738666666649,23.8823866666664
39090,70627,HB1603,44,64,CTD/IKMT,07/07/0016 01:07,64,44,37.4833,-68.29,,,NaN,NaN,25.52,C,OBL,OT,403,28,NaN,4774,NaN,NaN,NaN,NaN,NaN,11-Jan-0017,11-Jan-0017,PLANKTON,PLANKTON,NaN,1.11666666666667,Night,9.25683333333342,23.8818333333333
39091,70628,HB1603,45,66,BON/CTD,07/07/0016 02:35,66,45,37.3567,-68.2767,,,NaN,NaN,26.64,C,OBL,OT,1216,201,NaN,4831,NaN,NaN,NaN,NaN,NaN,11-Jan-0017,11-Jan-0017,PLANKTON,PLANKTON,NaN,2.58333333333333,Night,9.26427999999993,23.8726133333334
39091,70629,HB1603,45,67,CTD/IKMT,07/07/0016 03:00,67,45,37.3467,-68.26,,,NaN,NaN,26.33,C,OBL,OT,404,28,NaN,4838,NaN,NaN,NaN,NaN,NaN,11-Jan-0017,11-Jan-0017,PLANKTON,PLANKTON,NaN,3,Night,9.26316666666623,23.8714999999997
39092,70630,HB1603,49,71,BON/CTD,07/07/0016 15:50,71,49,38.2567,-68.11,,,NaN,NaN,27.8,C,OBL,OT,1641,201,NaN,4406,NaN,NaN,NaN,NaN,NaN,11-Jan-0017,11-Jan-0017,PLANKTON,PLANKTON,NaN,15.8333333333333,Day,9.20316666666628,23.9114999999996
39093,70631,HB1603,50,72,BON/CTD,07/07/0016 23:40,72,50,39.0667,-67.9033,,,NaN,NaN,25.62,C,OBL,OT,1505,204,NaN,3629,NaN,NaN,NaN,NaN,NaN,11-Jan-0017,11-Jan-0017,PLANKTON,PLANKTON,NaN,23.6666666666667,Day,9.14771999999954,23.9393866666664
39093,70632,HB1603,50,73,CTD/IKMT,07/08/0016 00:10,73,50,39.0433,-67.9167,,,NaN,NaN,25.56,C,OBL,OT,612,21,NaN,3724,NaN,NaN,NaN,NaN,NaN,11-Jan-0017,11-Jan-0017,PLANKTON,PLANKTON,NaN,0.166666666666667,Night,9.15694666666701,23.94028
39094,70633,HB1603,51,74,CTD/IKMT,07/08/0016 01:14,74,51,38.9117,-67.9417,,,NaN,NaN,25.56,C,OBL,OT,392,23,NaN,3793,NaN,NaN,NaN,NaN,NaN,11-Jan-0017,11-Jan-0017,PLANKTON,PLANKTON,NaN,1.23333333333333,Night,9.16694666666701,23.9336133333335
39094,70634,HB1603,51,75,BON/CTD,07/08/0016 01:25,75,51,38.905,-67.9433,,,NaN,NaN,25.56,C,OBL,OT,1052,205,NaN,3805,NaN,NaN,NaN,NaN,NaN,11-Jan-0017,11-Jan-0017,PLANKTON,PLANKTON,NaN,1.41666666666667,Night,9.16705333333363,23.9337200000002
39095,70635,HB1603,52,76,BON/CTD,07/08/0016 02:34,76,52,38.775,-67.9783,,,NaN,NaN,25.67,C,OBL,OT,1096,205,NaN,4053,NaN,NaN,NaN,NaN,NaN,11-Jan-0017,11-Jan-0017,PLANKTON,PLANKTON,NaN,2.56666666666667,Night,9.1777200000002,23.9277200000003
39095,70636,HB1603,52,77,CTD/IKMT,07/08/0016 02:56,77,52,38.7683,-67.9867,,,NaN,NaN,25.62,C,OBL,OT,381,27,NaN,4059,NaN,NaN,NaN,NaN,NaN,11-Jan-0017,11-Jan-0017,PLANKTON,PLANKTON,NaN,2.93333333333333,Night,9.17828000000015,23.9282800000003
39096,70637,HB1603,53,78,BON/CTD,07/08/0016 04:00,78,53,38.6517,-68.0033,,,NaN,NaN,25.85,C,OBL,OT,1207,204,NaN,4170,NaN,NaN,NaN,NaN,NaN,11-Jan-0017,11-Jan-0017,PLANKTON,PLANKTON,NaN,4,Night,9.17938666666698,23.9293866666671
39096,70638,HB1603,53,79,CTD/IKMT,07/08/0016 04:25,79,53,38.64,-68.0017,,,NaN,NaN,25.81,C,OBL,OT,412,27,NaN,4179,NaN,NaN,NaN,NaN,NaN,11-Jan-0017,11-Jan-0017,PLANKTON,PLANKTON,NaN,4.41666666666667,Night,9.18761333333288,23.9209466666666
39097,70639,HB1603,56,82,BON/CTD,07/08/0016 15:51,82,56,39.6233,-67.7683,,,NaN,NaN,23.15,C,OBL,OT,1300,202,NaN,3000,NaN,NaN,NaN,NaN,NaN,11-Jan-0017,11-Jan-0017,PLANKTON,PLANKTON,NaN,15.85,Day,9.11372000000012,23.9637200000001
39098,70640,HB1603,57,83,BON/CTD,07/08/0016 23:37,83,57,40.425,-67.6883,,GB,26,1150,20.24,C,OBL,OT,1185,170,NaN,220,NaN,NaN,NaN,NaN,NaN,11-Jan-0017,11-Jan-0017,PLANKTON,PLANKTON,NaN,23.6166666666667,Day,9.06672000000009,5.3333333592794e-05
39099,70641,HB1603,59,85,BON/CTD,07/11/0016 09:02,85,59,40.08,-72.85,,SNE,16,1010,22.31,C,OBL,OT,501,50,NaN,53,NaN,NaN,NaN,NaN,NaN,11-Jan-0017,11-Jan-0017,PLANKTON,PLANKTON,NaN,9.03333333333333,Night,9.44416666666695,0.327499999999812
39100,70642,HB1603,60,87,BON/CTD,07/11/0016 15:58,87,60,39.5433,-73.97,,MAB,13,3200,23.64,C,OBL,OT,345,19,NaN,26,NaN,NaN,NaN,NaN,NaN,11-Jan-0017,11-Jan-0017,PLANKTON,PLANKTON,NaN,15.9666666666667,Day,9.55216666666644,0.37716666666682
39101,70643,HB1603,61,88,BON/CTD,07/11/0016 23:46,88,61,39.1117,-74.4917,,MAB,12,3230,24.02,C,OBL,OT,411,16,NaN,22,NaN,NaN,NaN,NaN,NaN,11-Jan-0017,11-Jan-0017,PLANKTON,PLANKTON,NaN,23.7666666666667,Day,9.60361333333373,0.386946666666684
39102,70644,HB1603,66,93,BON/CTD,07/12/0016 09:04,93,66,38.69,-74.5767,,MAB,8,1690,24.16,C,OBL,OT,391,28,NaN,33,NaN,NaN,NaN,NaN,NaN,11-Jan-0017,11-Jan-0017,PLANKTON,PLANKTON,NaN,9.06666666666667,Night,9.64261333333349,0.37594666666649
39103,70645,HB1603,67,95,BON/CTD,07/12/0016 15:53,95,67,38.415,-74.8333,,MAB,9,3290,22.51,C,OBL,OT,390,16,NaN,22,NaN,NaN,NaN,NaN,NaN,11-Jan-0017,11-Jan-0017,PLANKTON,PLANKTON,NaN,15.8833333333333,Day,9.66805333333338,0.376386666666743
39104,70646,HB1603,68,96,BON/CTD,07/12/0016 22:12,96,68,38.605,-74.0417,,MAB,8,1690,24.57,C,OBL,OT,455,52,NaN,55,NaN,NaN,NaN,NaN,NaN,11-Jan-0017,11-Jan-0017,PLANKTON,PLANKTON,NaN,22.2,Day,9.60694666666729,0.331946666667075
39105,70647,HB1603,69,97,BON/CTD,07/13/0016 08:27,97,69,39.5333,-72.63,,SNE,15,1020,21.26,C,OBL,OT,524,79,NaN,83,NaN,NaN,NaN,NaN,NaN,11-Jan-0017,11-Jan-0017,PLANKTON,PLANKTON,NaN,8.45,Night,9.47116666666699,0.287833333333477
39106,70648,HB1603,70,99,BON/CTD,07/13/0016 15:54,99,70,39.38,-71.6883,,SNE,58,NaN,23.94,C,OBL,OT,1200,203,NaN,2200,NaN,NaN,NaN,NaN,NaN,11-Jan-0017,11-Jan-0017,PLANKTON,PLANKTON,NaN,15.9,Day,9.41671999999977,0.216719999999835
39107,70649,HB1603,71,100,BON/CTD,07/13/0016 22:32,100,71,39.8317,-71.5283,,SNE,60,NaN,22.84,C,OBL,OT,1377,202,NaN,550,NaN,NaN,NaN,NaN,NaN,11-Jan-0017,11-Jan-0017,PLANKTON,PLANKTON,NaN,22.5333333333333,Day,9.38105333333289,0.231053333332905
39108,70650,HB1603,72,101,BON/CTD,07/19/0016 09:01,101,72,40.2017,-71.2983,,SNE,19,1060,23.04,C,OBL,OT,698,92,NaN,96,NaN,NaN,NaN,NaN,NaN,11-Jan-0017,11-Jan-0017,PLANKTON,PLANKTON,NaN,9.01666666666667,Night,9.39071999999993,0.232386666666738
39109,70651,HB1603,73,103,BON/CTD,07/19/0016 16:01,103,73,39.6067,-70.49,,SNE,60,NaN,25.01,C,OBL,OT,1457,215,NaN,216,NaN,NaN,NaN,NaN,NaN,11-Jan-0017,11-Jan-0017,PLANKTON,PLANKTON,NaN,16.0166666666667,Day,9.37016666666688,0.145166666666622
39110,70652,HB1603,74,104,BON/CTD,07/19/0016 21:49,104,74,40.1933,-70.385,,SNE,22,1110,23.57,C,OBL,OT,707,113,NaN,117,NaN,NaN,NaN,NaN,NaN,11-Jan-0017,11-Jan-0017,PLANKTON,PLANKTON,NaN,21.8166666666667,Day,9.32983333333329,0.17150000000009
39111,70653,HB1603,79,109,BON/CTD,07/20/0016 15:48,109,79,39.7983,-69.4833,,SNE,61,NaN,25.35,C,OBL,OT,1174,203,NaN,204,NaN,NaN,NaN,NaN,NaN,11-Jan-0017,11-Jan-0017,PLANKTON,PLANKTON,NaN,15.8,Day,9.30305333333337,0.0863866666663246
39112,70654,HB1603,80,110,BON/CTD,07/20/0016 22:53,110,80,40.1383,-68.805,,SNE,22,1110,20.28,C,OBL,OT,1079,172,NaN,183,NaN,NaN,NaN,NaN,NaN,11-Jan-0017,11-Jan-0017,PLANKTON,PLANKTON,NaN,22.8833333333333,Day,9.24116666666652,0.0578333333330041
39113,70655,HB1603,85,115,BON/CTD,07/21/0016 15:47,115,85,40.3317,-68.1267,,GB,62,NaN,19.84,C,OBL,OT,1190,200,NaN,951,NaN,NaN,NaN,NaN,NaN,11-Jan-0017,11-Jan-0017,PLANKTON,PLANKTON,NaN,15.7833333333333,Day,9.19594666666677,0.0209466666671536
39114,70656,HB1603,86,116,BON/CTD,07/21/0016 22:57,116,86,40.2667,-67.4983,,GB,62,NaN,21.89,C,OBL,OT,1521,202,NaN,1384,NaN,NaN,NaN,NaN,NaN,11-Jan-0017,11-Jan-0017,PLANKTON,PLANKTON,NaN,22.95,Day,9.15405333333303,23.9707199999995
39115,70657,HB1603,88,118,CTD/IKMT,07/22/0016 08:07,118,88,40.0067,-67.6533,,GB,62,NaN,22.32,C,OBL,OT,615,21,NaN,2832,NaN,NaN,NaN,NaN,NaN,11-Jan-0017,11-Jan-0017,PLANKTON,PLANKTON,NaN,8.11666666666667,Night,9.18938666666697,23.9643866666667
39115,70658,HB1603,88,119,BON/CTD,07/22/0016 08:24,119,88,39.9967,-67.6533,,GB,62,NaN,22.32,C,OBL,OT,1333,204,NaN,2897,NaN,NaN,NaN,NaN,NaN,11-Jan-0017,11-Jan-0017,PLANKTON,PLANKTON,NaN,8.4,Night,9.18938666666697,23.9643866666667
39116,70659,HB1603,89,121,BON/CTD,07/22/0016 15:47,121,89,39.6967,-66.6117,,,NaN,NaN,23.56,C,OBL,OT,1120,202,NaN,4200,NaN,NaN,NaN,NaN,NaN,11-Jan-0017,11-Jan-0017,PLANKTON,PLANKTON,NaN,15.7833333333333,Day,9.1366133333334,23.8782800000003
39117,70660,HB1603,90,122,BON/CTD,07/22/0016 23:05,122,90,39.3933,-65.6217,,,NaN,NaN,27.41,C,OBL,OT,1414,212,NaN,4437,NaN,NaN,NaN,NaN,NaN,11-Jan-0017,11-Jan-0017,PLANKTON,PLANKTON,NaN,23.0833333333333,Day,9.08728000000002,23.8039466666673
39117,70661,HB1603,90,123,CTD/IKMT,07/22/0016 23:33,123,90,39.3933,-65.6167,,,NaN,NaN,27.44,C,OBL,OT,431,26,NaN,4424,NaN,NaN,NaN,NaN,NaN,11-Jan-0017,11-Jan-0017,PLANKTON,PLANKTON,NaN,23.55,Day,9.0869466666664,23.8036133333337
39118,70662,HB1603,95,128,BON/CTD,07/24/0016 10:04,128,95,40.15,-67.2167,,GB,62,NaN,22.28,C,OBL,OT,1214,201,NaN,1800,NaN,NaN,NaN,NaN,NaN,11-Jan-0017,11-Jan-0017,PLANKTON,PLANKTON,NaN,10.0666666666667,Day,9.1686133333331,23.9352799999996
39119,70663,HB1603,96,129,BON/CTD,07/24/0016 15:45,129,96,40.8233,-66.9233,,GB,27,1130,16.44,C,OBL,OT,560,89,NaN,101,NaN,NaN,NaN,NaN,NaN,11-Jan-0017,11-Jan-0017,PLANKTON,PLANKTON,NaN,15.75,Day,9.11571999999984,23.9490533333334
39120,70664,HB1603,99,132,BON/CTD,07/25/0016 08:56,132,99,40.7383,-66.3017,,GB,63,NaN,21.31,C,OBL,OT,1306,204,NaN,2500,NaN,NaN,NaN,NaN,NaN,11-Jan-0017,11-Jan-0017,PLANKTON,PLANKTON,NaN,8.93333333333333,Night,9.09094666666721,23.8992800000005
39121,70665,HB1603,100,134,BON/CTD,07/25/0016 15:46,134,100,41.4283,-65.9733,,GB,28,1180,17.9,C,OBL,OT,1533,201,NaN,348,NaN,NaN,NaN,NaN,NaN,11-Jan-0017,11-Jan-0017,PLANKTON,PLANKTON,NaN,15.7666666666667,Day,9.03571999999992,23.9107199999996
39122,70666,HB1603,101,135,BON/CTD,07/25/0016 22:55,135,101,41.9517,-65.42,,GOM,68,NaN,21.14,C,OBL,OT,1320,201,NaN,1491,NaN,NaN,NaN,NaN,NaN,11-Jan-0017,11-Jan-0017,PLANKTON,PLANKTON,NaN,22.9166666666667,Day,8.96549999999985,23.9071666666666
39123,70667,HB1603,107,141,BON/CTD,07/27/0016 15:46,141,107,41.6433,-64.965,,GOM,68,NaN,22.02,C,OBL,OT,1531,202,NaN,2726,NaN,NaN,NaN,NaN,NaN,11-Jan-0017,11-Jan-0017,PLANKTON,PLANKTON,NaN,15.7666666666667,Day,8.97683333333299,23.8434999999994
39124,70668,HB1603,110,144,BON/CTD,07/28/0016 09:15,144,110,40.9233,-65.05,,,NaN,NaN,24.24,C,OBL,OT,1169,202,NaN,3639,NaN,NaN,NaN,NaN,NaN,11-Jan-0017,11-Jan-0017,PLANKTON,PLANKTON,NaN,9.25,Day,9.03249999999986,23.8074999999996
39125,70669,HB1603,111,145,BON/CTD,07/28/0016 15:49,145,111,40.1133,-65.1267,,,NaN,NaN,26.61,C,OBL,OT,1550,202,NaN,4600,NaN,NaN,NaN,NaN,NaN,11-Jan-0017,11-Jan-0017,PLANKTON,PLANKTON,NaN,15.8166666666667,Day,9.07927999999976,23.7709466666667
39126,70670,HB1603,113,147,BON/CTD,07/29/0016 08:04,147,113,39.3017,-65.205,,,NaN,NaN,26.78,C,OBL,OT,1466,204,NaN,4846,NaN,NaN,NaN,NaN,NaN,11-Jan-0017,11-Jan-0017,PLANKTON,PLANKTON,NaN,8.06666666666667,Night,9.13450000000018,23.7261666666672
39128,70672,HB1603,115,151,BON/CTD,07/30/0016 08:59,151,115,40.0717,-67.98,,GB,62,NaN,21.96,C,OBL,OT,1109,204,NaN,2209,NaN,NaN,NaN,NaN,NaN,11-Jan-0017,11-Jan-0017,PLANKTON,PLANKTON,NaN,8.98333333333333,Night,9.29450000000003,23.9361666666663
39129,70673,HB1603,116,153,BON/CTD,07/30/0016 15:44,153,116,39.36,-68.5167,,,NaN,NaN,25.37,C,OBL,OT,1355,202,NaN,3000,NaN,NaN,NaN,NaN,NaN,11-Jan-0017,11-Jan-0017,PLANKTON,PLANKTON,NaN,15.7333333333333,Day,9.36361333333327,23.9386133333332
39130,70674,HB1603,117,154,BON/CTD,07/30/0016 23:01,154,117,38.9467,-69.185,,,NaN,NaN,24.72,C,OBL,OT,1469,204,NaN,3278,NaN,NaN,NaN,NaN,NaN,11-Jan-0017,11-Jan-0017,PLANKTON,PLANKTON,NaN,23.0166666666667,Day,9.43316666666675,23.9664999999999
39130,70675,HB1603,117,155,CTD/IKMT,07/30/0016 23:32,155,117,38.9433,-69.17,,,NaN,NaN,24.75,C,OBL,OT,579,22,NaN,3264,NaN,NaN,NaN,NaN,NaN,11-Jan-0017,11-Jan-0017,PLANKTON,PLANKTON,NaN,23.5333333333333,Day,9.43216666666655,23.9654999999997
39131,70676,HB1603,120,158,BON/CTD,07/31/0016 15:45,158,120,39.3283,-70.1633,,SNE,61,NaN,25.57,C,OBL,OT,2627,203,NaN,2671,NaN,NaN,NaN,NaN,NaN,11-Jan-0017,11-Jan-0017,PLANKTON,PLANKTON,NaN,15.75,Day,9.49005333333395,0.0400533333335564
39132,70677,HB1603,121,159,BON/CTD,07/31/0016 22:45,159,121,39.5717,-70.99,,SNE,60,NaN,25.99,C,OBL,OT,1250,203,NaN,2450,NaN,NaN,NaN,NaN,NaN,11-Jan-0017,11-Jan-0017,PLANKTON,PLANKTON,NaN,22.75,Day,9.53683333333317,0.111833333333774
39132,70678,HB1603,121,160,CTD/IKMT,07/31/0016 23:10,160,121,39.585,-70.9983,,SNE,60,NaN,25.98,C,OBL,OT,397,24,NaN,2423,NaN,NaN,NaN,NaN,NaN,11-Jan-0017,11-Jan-0017,PLANKTON,PLANKTON,NaN,23.1666666666667,Day,9.53738666666624,0.112386666666847
39133,70679,HB1603,124,163,BON/CTD,08/01/0016 15:52,163,124,40.2583,-70.825,,SNE,18,1070,24.2,C,OBL,OT,586,112,NaN,123,NaN,NaN,NaN,NaN,NaN,11-Jan-0017,11-Jan-0017,PLANKTON,PLANKTON,NaN,15.8666666666667,Day,9.50083333333334,0.117500000000003
39134,70680,HB1603,125,164,BON/CTD,08/01/0016 22:47,164,125,39.7333,-70.1267,,SNE,61,NaN,26.13,C,OBL,OT,1202,203,NaN,2058,NaN,NaN,NaN,NaN,NaN,11-Jan-0017,11-Jan-0017,PLANKTON,PLANKTON,NaN,22.7833333333333,Day,9.4792799999994,0.0459466666661077
39135,70681,HB1603,129,168,BON/CTD,08/02/0016 15:45,168,129,40.1483,-69.6333,,SNE,23,1100,20.31,C,OBL,OT,587,87,NaN,95,NaN,NaN,NaN,NaN,NaN,11-Jan-0017,11-Jan-0017,PLANKTON,PLANKTON,NaN,15.75,Day,9.44638666666612,0.0213866666667248
39136,70682,HB1603,130,169,BON/CTD,08/02/0016 22:57,169,130,39.9433,-68.8217,,SNE,61,NaN,24.37,C,OBL,OT,1245,204,NaN,1703,NaN,NaN,NaN,NaN,NaN,11-Jan-0017,11-Jan-0017,PLANKTON,PLANKTON,NaN,22.95,Day,9.4006133333333,23.9589466666661
39136,70683,HB1603,130,170,CTD/IKMT,08/02/0016 23:23,170,130,39.955,-68.8133,,SNE,61,NaN,24.48,C,OBL,OT,439,24,NaN,1652,NaN,NaN,NaN,NaN,NaN,11-Jan-0017,11-Jan-0017,PLANKTON,PLANKTON,NaN,23.3833333333333,Day,9.40005333333335,23.9583866666662
39140,70687,HB1603,135,181,BON/CTD,08/10/0016 22:11,181,135,40.875,-70.555,,SNE,24,1090,22.11,C,OBL,OT,326,47,NaN,55,NaN,NaN,NaN,NaN,NaN,11-Jan-0017,11-Jan-0017,PLANKTON,PLANKTON,NaN,22.1833333333333,Day,9.59116666666688,0.0161666666669438
39141,70688,HB1603,136,182,BON/CTD,08/11/0016 09:04,182,136,40.4767,-68.5433,,GB,27,1130,20.04,C,OBL,OT,598,83,NaN,92,NaN,NaN,NaN,NaN,NaN,11-Jan-0017,11-Jan-0017,PLANKTON,PLANKTON,NaN,9.06666666666667,Night,9.4903866666669,23.8570533333338
39142,70689,HB1603,138,184,BON/CTD,08/11/0016 15:51,184,138,40.2317,-67.6683,,GB,62,NaN,23.32,C,OBL,OT,1596,192,NaN,1400,NaN,NaN,NaN,NaN,NaN,11-Jan-0017,11-Jan-0017,PLANKTON,PLANKTON,NaN,15.85,Day,9.44038666666694,23.7820533333335
39142,70690,HB1603,138,185,CTD/IKMT,08/11/0016 16:27,185,138,40.215,-67.6567,,GB,62,NaN,23.31,C,OBL,OT,665,25,NaN,1400,NaN,NaN,NaN,NaN,NaN,11-Jan-0017,11-Jan-0017,PLANKTON,PLANKTON,NaN,16.45,Day,9.43961333333306,23.7812799999996
39143,70691,HB1603,139,186,BON/CTD,08/11/0016 22:19,186,139,40.5167,-66.9867,,GB,62,NaN,23.95,C,OBL,OT,1389,202,NaN,644,NaN,NaN,NaN,NaN,NaN,11-Jan-0017,11-Jan-0017,PLANKTON,PLANKTON,NaN,22.3166666666667,Day,9.37827999999996,23.7532800000001
39144,70692,HB1603,140,187,BON/CTD,08/12/0016 09:13,187,140,41.0783,-66.1383,,GB,63,NaN,24.09,C,OBL,OT,1258,196,NaN,1300,NaN,NaN,NaN,NaN,NaN,11-Jan-0017,11-Jan-0017,PLANKTON,PLANKTON,NaN,9.21666666666667,Night,9.31338666666699,23.7050533333335
39144,70693,HB1603,140,188,CTD/IKMT,08/12/0016 09:41,188,140,41.0683,-66.1483,,GB,63,NaN,24.04,C,OBL,OT,650,25,NaN,1300,NaN,NaN,NaN,NaN,NaN,11-Jan-0017,11-Jan-0017,PLANKTON,PLANKTON,NaN,9.68333333333333,Day,9.31405333333356,23.7057200000001
39145,70694,HB1603,141,190,BON/CTD,08/13/0016 08:40,190,141,42.1117,-65.47,,GOM,68,NaN,20.34,C,OBL,OT,1027,205,NaN,390,NaN,NaN,NaN,NaN,NaN,11-Jan-0017,11-Jan-0017,PLANKTON,PLANKTON,NaN,8.66666666666667,Night,9.2438333333335,23.6855
39146,70695,HB1603,142,192,BON/CTD,08/13/0016 15:48,192,142,41.5733,-65.505,,GB,63,NaN,26.3,C,OBL,OT,1309,203,NaN,2000,NaN,NaN,NaN,NaN,NaN,11-Jan-0017,11-Jan-0017,PLANKTON,PLANKTON,NaN,15.8,Day,9.27116666666717,23.6711666666669
39147,70696,HB1603,143,193,BON/CTD,08/13/0016 22:15,193,143,41.435,-66.2383,,GB,29,1160,18.16,C,OBL,OT,906,107,NaN,108,NaN,NaN,NaN,NaN,NaN,11-Jan-0017,11-Jan-0017,PLANKTON,PLANKTON,NaN,22.25,Day,9.32005333333342,23.71172
39148,70697,HB1603,145,195,BON/CTD,08/14/0016 08:33,195,145,41.42,-65.865,,GB,63,NaN,20.21,C,OBL,OT,1312,204,NaN,1400,NaN,NaN,NaN,NaN,NaN,11-Jan-0017,11-Jan-0017,PLANKTON,PLANKTON,NaN,8.55,Night,9.31183333333371,23.6701666666667
39149,70698,HB1603,148,197,BON/CTD,08/14/0016 15:43,197,148,41.6883,-65.13,,GOM,68,NaN,25.98,C,OBL,OT,1230,199,NaN,2419,NaN,NaN,NaN,NaN,NaN,11-Jan-0017,11-Jan-0017,PLANKTON,PLANKTON,NaN,15.7166666666667,Day,9.25450000000007,23.6295000000002
39150,70699,HB1603,149,198,CTD/IKMT,08/14/0016 16:19,198,149,41.6783,-65.1317,,GOM,68,NaN,25.95,C,OBL,OT,496,25,NaN,2437,NaN,NaN,NaN,NaN,NaN,11-Jan-0017,11-Jan-0017,PLANKTON,PLANKTON,NaN,16.3166666666667,Day,9.25461333333357,23.6296133333337
39151,70700,HB1603,150,199,BON/CTD,08/14/0016 20:47,199,150,42.2483,-65.1483,,GOM,68,NaN,20.08,C,OBL,OT,756,203,NaN,656,NaN,NaN,NaN,NaN,NaN,11-Jan-0017,11-Jan-0017,PLANKTON,PLANKTON,NaN,20.7833333333333,Day,9.23072000000008,23.6557200000001
39152,70701,HB1603,151,200,BON/CTD,08/15/0016 09:19,200,151,40.735,-66.3133,,GB,63,NaN,24.58,C,OBL,OT,1274,214,NaN,2392,NaN,NaN,NaN,NaN,NaN,11-Jan-0017,11-Jan-0017,PLANKTON,PLANKTON,NaN,9.31666666666667,Night,9.39172000000014,23.6500533333332
39152,70702,HB1603,151,201,CTD/IKMT,08/15/0016 09:45,201,151,40.725,-66.315,,GB,63,NaN,24.61,C,OBL,OT,681,27,NaN,2543,NaN,NaN,NaN,NaN,NaN,11-Jan-0017,11-Jan-0017,PLANKTON,PLANKTON,NaN,9.75,Day,9.39183333333364,23.6501666666667
39153,70703,HB1603,153,203,BON/CTD,08/15/0016 15:45,203,153,40.4583,-67.015,,GB,62,NaN,24.14,C,OBL,OT,1348,200,NaN,1600,NaN,NaN,NaN,NaN,NaN,11-Jan-0017,11-Jan-0017,PLANKTON,PLANKTON,NaN,15.75,Day,9.44683333333325,23.6884999999999
39154,70704,HB1603,154,204,BON/CTD,08/15/0016 22:15,204,154,40.4283,-67.71,,GB,26,1140,20.6,C,OBL,OT,922,139,NaN,150,NaN,NaN,NaN,NaN,NaN,11-Jan-0017,11-Jan-0017,PLANKTON,PLANKTON,NaN,22.25,Day,9.4931666666667,23.7348333333334
39155,70705,HB1603,155,205,BON/CTD,08/16/0016 08:32,205,155,40.1533,-69.64,,SNE,23,1100,22.64,C,OBL,OT,762,92,NaN,99,NaN,NaN,NaN,NaN,NaN,11-Jan-0017,11-Jan-0017,PLANKTON,PLANKTON,NaN,8.53333333333333,Night,9.65516666666696,23.8301666666666
39156,70706,HB1603,156,207,BON/CTD,08/16/0016 15:48,207,156,39.83,-70.27,,SNE,61,NaN,26.42,C,OBL,OT,1217,198,NaN,1053,NaN,NaN,NaN,NaN,NaN,11-Jan-0017,11-Jan-0017,PLANKTON,PLANKTON,NaN,15.8,Day,9.70549999999986,23.863833333333
39157,70707,HB1603,157,208,BON/CTD,08/16/0016 21:01,208,157,40.3233,-70.805,,SNE,19,1060,24.47,C,OBL,OT,651,104,NaN,110,NaN,NaN,NaN,NaN,NaN,11-Jan-0017,11-Jan-0017,PLANKTON,PLANKTON,NaN,21.0166666666667,Day,9.72450000000032,23.916166666667
39158,70708,HB1603,158,209,BON/CTD,08/18/0016 08:43,209,158,40.2067,-71.2867,,SNE,19,1060,24.4,C,OBL,OT,474,89,NaN,97,NaN,NaN,NaN,NaN,NaN,11-Jan-0017,11-Jan-0017,PLANKTON,PLANKTON,NaN,8.71666666666667,Night,9.78994666666637,23.9066133333335
39159,70709,HB1603,159,211,BON/CTD,08/18/0016 15:48,211,159,39.7533,-70.725,,SNE,60,NaN,26.41,C,OBL,OT,1317,188,NaN,1985,NaN,NaN,NaN,NaN,NaN,11-Jan-0017,11-Jan-0017,PLANKTON,PLANKTON,NaN,15.8,Day,9.76916666666699,23.8524999999999
39161,70711,HB1603,160,213,BON/CTD,08/19/0016 08:46,213,160,40.0983,-68.5,,GB,62,NaN,24.12,C,OBL,OT,1581,198,NaN,907,NaN,NaN,NaN,NaN,NaN,11-Jan-0017,11-Jan-0017,PLANKTON,PLANKTON,NaN,8.76666666666667,Night,9.62916666666644,23.7041666666661
39163,70713,HB1603,161,216,BON/CTD,08/19/0016 15:47,216,161,39.9833,-67.5767,,GB,62,NaN,25.04,C,OBL,OT,1393,204,NaN,2682,NaN,NaN,NaN,NaN,NaN,11-Jan-0017,11-Jan-0017,PLANKTON,PLANKTON,NaN,15.7833333333333,Day,9.56761333333322,23.6342799999997
39164,70714,HB1603,162,217,BON/CTD,08/19/0016 22:15,217,162,39.66,-66.5183,,,NaN,NaN,25.73,C,OBL,OT,1115,197,NaN,4197,NaN,NaN,NaN,NaN,NaN,11-Jan-0017,11-Jan-0017,PLANKTON,PLANKTON,NaN,22.25,Day,9.51371999999975,23.5553866666666
39165,70715,HB1603,163,219,CTD/IKMT,08/20/0016 09:02,219,163,39.6667,-66.5683,,,NaN,NaN,25.09,C,OBL,OT,847,25,NaN,4107,NaN,NaN,NaN,NaN,NaN,11-Jan-0017,11-Jan-0017,PLANKTON,PLANKTON,NaN,9.03333333333333,Night,9.53372000000042,23.5420533333337
39166,70716,HB1603,164,220,BON/CTD,08/20/0016 16:01,220,164,39.4117,-65.7383,,,NaN,NaN,26.54,C,OBL,OT,1226,198,NaN,4502,NaN,NaN,NaN,NaN,NaN,11-Jan-0017,11-Jan-0017,PLANKTON,PLANKTON,NaN,16.0166666666667,Day,9.48672000000039,23.4783866666666
39167,70717,HB1603,165,221,BON/CTD,08/20/0016 22:31,221,165,39.565,-65.365,,,NaN,NaN,25.43,C,OBL,OT,1219,199,NaN,4696,NaN,NaN,NaN,NaN,NaN,11-Jan-0017,11-Jan-0017,PLANKTON,PLANKTON,NaN,22.5166666666667,Day,9.45350000000036,23.4534999999998
39168,70718,HB1603,166,223,BON/CTD,08/21/0016 08:21,223,166,40.2217,-65.685,,,NaN,NaN,23.85,C,OBL,OT,1166,200,NaN,4001,NaN,NaN,NaN,NaN,NaN,11-Jan-0017,11-Jan-0017,PLANKTON,PLANKTON,NaN,8.35,Night,9.4664999999996,23.4831666666668
39168,70719,HB1603,166,225,CTD/IKMT,08/21/0016 09:02,225,166,40.235,-65.6933,,,NaN,NaN,23.83,C,OBL,OT,478,25,NaN,3980,NaN,NaN,NaN,NaN,NaN,11-Jan-0017,11-Jan-0017,PLANKTON,PLANKTON,NaN,9.03333333333333,Night,9.46705333333336,23.4837200000006
39169,70720,HB1603,167,226,BON/CTD,08/21/0016 15:50,226,167,40.3033,-66.675,,GB,62,NaN,26.21,C,OBL,OT,1436,198,NaN,2690,NaN,NaN,NaN,NaN,NaN,11-Jan-0017,11-Jan-0017,PLANKTON,PLANKTON,NaN,15.8333333333333,Day,9.53249999999941,23.5491666666666
39170,70721,HB1603,168,227,BON/CTD,08/21/0016 22:28,227,168,40.9667,-66.5967,,GB,29,1160,20.36,C,OBL,OT,632,91,NaN,99,NaN,NaN,NaN,NaN,NaN,11-Jan-0017,11-Jan-0017,PLANKTON,PLANKTON,NaN,22.4666666666667,Day,9.50227999999999,23.5689466666665
39171,70722,HB1603,169,228,BON/CTD,08/22/0016 08:45,228,169,40.7183,-66.5867,,GB,63,NaN,24.77,C,OBL,OT,1073,200,NaN,1933,NaN,NaN,NaN,NaN,NaN,11-Jan-0017,11-Jan-0017,PLANKTON,PLANKTON,NaN,8.75,Night,9.52661333333305,23.5432800000003
39172,70723,HB1603,171,230,CTD/IKMT,08/22/0016 09:24,230,171,40.7267,-66.5717,,GB,63,NaN,24.86,C,OBL,OT,606,27,NaN,1677,NaN,NaN,NaN,NaN,NaN,11-Jan-0017,11-Jan-0017,PLANKTON,PLANKTON,NaN,9.4,Night,9.52561333333285,23.5422800000001
39173,70724,HB1603,172,231,BON/CTD,08/22/0016 15:49,231,172,40.67,-67.0317,,GB,26,1140,26.28,C,OBL,OT,1178,160,NaN,173,NaN,NaN,NaN,NaN,NaN,11-Jan-0017,11-Jan-0017,PLANKTON,PLANKTON,NaN,15.8166666666667,Day,9.55627999999939,23.5729466666666
39174,70725,HB1603,173,232,BON/CTD,08/22/0016 23:17,232,173,40.21,-67.125,,GB,62,NaN,25.82,C,OBL,OT,1190,203,NaN,2369,NaN,NaN,NaN,NaN,NaN,11-Jan-0017,11-Jan-0017,PLANKTON,PLANKTON,NaN,23.2833333333333,Day,9.57916666666648,23.5624999999995
39175,70726,HB1603,174,233,BON/CTD,08/23/0016 09:01,233,174,40.4667,-68.5117,,GB,27,1130,20.48,C,OBL,OT,582,88,NaN,97,NaN,NaN,NaN,NaN,NaN,11-Jan-0017,11-Jan-0017,PLANKTON,PLANKTON,NaN,9.01666666666667,Night,9.67994666666647,23.6382799999998
39176,70727,HB1603,175,235,BON/CTD,08/23/0016 15:48,235,175,39.8483,-68.8783,,SNE,61,NaN,23.78,C,OBL,OT,1532,199,NaN,2009,NaN,NaN,NaN,NaN,NaN,11-Jan-0017,11-Jan-0017,PLANKTON,PLANKTON,NaN,15.8,Day,9.72938666666716,23.6460533333338
39177,70728,HB1603,176,236,BON/CTD,08/23/0016 22:27,236,176,40.0617,-69.6783,,SNE,22,1110,23.39,C,OBL,OT,672,108,NaN,113,NaN,NaN,NaN,NaN,NaN,11-Jan-0017,11-Jan-0017,PLANKTON,PLANKTON,NaN,22.45,Day,9.77438666666677,23.7077200000005
39178,70729,HB1603,177,237,BON/CTD,08/24/0016 09:19,237,177,39.2867,-70.115,,SNE,61,NaN,25.7,C,OBL,OT,1132,200,NaN,2713,NaN,NaN,NaN,NaN,NaN,11-Jan-0017,11-Jan-0017,PLANKTON,PLANKTON,NaN,9.31666666666667,Night,9.84516666666679,23.6868333333338
39179,70730,HB1603,178,239,BON/CTD,08/24/0016 15:47,239,178,39.575,-70.8017,,SNE,60,NaN,26.5,C,OBL,OT,1098,200,NaN,2479,NaN,NaN,NaN,NaN,NaN,11-Jan-0017,11-Jan-0017,PLANKTON,PLANKTON,NaN,15.7833333333333,Day,9.88261333333327,23.7409466666667
39127,70671,HB1603,2113,149,BON/CTD,07/29/0016 15:47,149,2113,39.5083,-66.035,,,NaN,NaN,27.52,C,OBL,OT,1391,200,NaN,4373,NaN,NaN,NaN,NaN,NaN,11-Jan-0017,11-Jan-0017,PLANKTON,PLANKTON,NaN,15.7833333333333,Day,9.1815000000002,23.7898333333337
39137,70684,HB1603,2129,174,BON/CTD,08/04/0016 09:00,174,2129,40.475,-70.0983,,SNE,23,1100,20.55,C,OBL,OT,454,66,NaN,70,NaN,NaN,NaN,NaN,NaN,11-Jan-0017,11-Jan-0017,PLANKTON,PLANKTON,NaN,9,Night,9.48572000000019,0.0523866666669013
39138,70685,HB1603,2130,176,BON/CTD,08/04/0016 15:41,176,2130,40.705,-70.495,,SNE,23,1100,21.01,C,OBL,OT,404,51,NaN,56,NaN,NaN,NaN,NaN,NaN,11-Jan-0017,11-Jan-0017,PLANKTON,PLANKTON,NaN,15.6833333333333,Day,9.50383333333327,0.0871666666670838
39139,70686,HB1603,2131,177,BON/CTD,08/05/0016 00:09,177,2131,40.8483,-71.07,,SNE,19,1060,22.01,C,OBL,OT,368,56,NaN,60,NaN,NaN,NaN,NaN,NaN,11-Jan-0017,11-Jan-0017,PLANKTON,PLANKTON,NaN,0.15,Night,9.55050000000034,0.117166666667057
39160,70710,HB1603,2159,212,BON/CTD,08/18/0016 23:07,212,2159,40.2567,-70.325,,SNE,23,1100,24.44,C,OBL,OT,560,90,NaN,100,NaN,NaN,NaN,NaN,NaN,11-Jan-0017,11-Jan-0017,PLANKTON,PLANKTON,NaN,23.1166666666667,Day,9.72583333333279,23.8508333333331
39162,70712,HB1603,2160,215,CTD/IKMT,08/19/0016 09:43,215,2160,40.095,-68.4783,,GB,62,NaN,24.12,C,OBL,OT,334,24,NaN,1125,NaN,NaN,NaN,NaN,NaN,11-Jan-0017,11-Jan-0017,PLANKTON,PLANKTON,NaN,9.71666666666667,Day,9.62771999999979,23.7027199999995
