VESSEL,CRUISE,P_STA_NO,SEAMAP,SAMPLE_NO,STA_LAT,STA_LON,STA_DPTH,GEAR_IN,GEAR_OUT,TOW_TIME,TOW_PAT,GEAR_ICD,MESH_ICD,VOL_FILT,TAXON,TOT_LARVAE,TAXA_NOTES,SAMPLE_NOTES,COMMENTS
04,0317,001,B172,50396,29.9857,-86.9883,83.11,30APR2016:04:46:27,30APR2016:04:56:29,10.03,H,03,09,.,NO TUNA LARVAE CAUGH,0,,,
04,0317,002,B169,50401,29.5073,-86.5088,212.77,30APR2016:10:20:54,30APR2016:10:30:54,10.00,H,03,09,.,Katsuwonus pelamis,1,,,
04,0317,002,B169,50401,29.5073,-86.5088,212.77,30APR2016:10:20:54,30APR2016:10:30:54,10.00,H,03,09,.,Thunnus spp,1,,,
04,0317,002,B169,50401,29.5073,-86.5088,212.77,30APR2016:10:20:54,30APR2016:10:30:54,10.00,H,03,09,.,Thunnus thynnus,10,,,
04,0317,003,B165,50406,29.1983,-86.0127,200.31,30APR2016:15:17:24,30APR2016:15:27:25,10.01,H,03,09,.,NO TUNA LARVAE CAUGH,0,,,
04,0317,004,B160,50411,28.6693,-85.4972,181.69,30APR2016:21:05:34,30APR2016:21:15:35,10.01,H,03,09,.,Katsuwonus pelamis,0,,,
04,0317,004,B160,50411,28.6693,-85.4972,181.69,30APR2016:21:05:34,30APR2016:21:15:35,10.01,H,03,09,.,Thunnus spp,1,,,
04,0317,004,B160,50411,28.6693,-85.4972,181.69,30APR2016:21:05:34,30APR2016:21:15:35,10.01,H,03,09,.,Thunnus thynnus,0,,,
04,0317,005,B153,50416,28.0048,-84.9875,251.14,01MAY2016:02:53:22,01MAY2016:03:03:27,10.08,H,03,09,.,Katsuwonus pelamis,2,,exocitidae 218mm FL removed from samples,
04,0317,005,B153,50416,28.0048,-84.9875,251.14,01MAY2016:02:53:22,01MAY2016:03:03:27,10.08,H,03,09,.,Thunnus spp,4,,exocitidae 218mm FL removed from samples,
04,0317,005,B153,50416,28.0048,-84.9875,251.14,01MAY2016:02:53:22,01MAY2016:03:03:27,10.08,H,03,09,.,Thunnus thynnus,0,,exocitidae 218mm FL removed from samples,
04,0317,006,B152,50421,27.5088,-84.9983,406.63,01MAY2016:07:34:59,01MAY2016:07:45:04,10.08,H,03,09,.,Katsuwonus pelamis,1,,200mm 210mm and 110mm Exocoetidae removed from Neuston,
04,0317,006,B152,50421,27.5088,-84.9983,406.63,01MAY2016:07:34:59,01MAY2016:07:45:04,10.08,H,03,09,.,Thunnus spp,1,,200mm 210mm and 110mm Exocoetidae removed from Neuston,
04,0317,006,B152,50421,27.5088,-84.9983,406.63,01MAY2016:07:34:59,01MAY2016:07:45:04,10.08,H,03,09,.,Thunnus thynnus,0,,200mm 210mm and 110mm Exocoetidae removed from Neuston,
04,0317,007,B151,50426,26.9917,-85.0060,917.05,01MAY2016:12:24:58,01MAY2016:12:35:01,10.05,H,03,09,.,NO TUNA LARVAE CAUGH,0,,,
04,0317,008,B150,50431,26.5020,-85.0085,1830.00,01MAY2016:17:07:21,01MAY2016:17:17:27,10.10,H,03,03,.,Katsuwonus pelamis,0,,TWO MONOCANTHIDAE REMOVED FROM SAMPLE 50mm AND 47mm,
04,0317,008,B150,50431,26.5020,-85.0085,1830.00,01MAY2016:17:07:21,01MAY2016:17:17:27,10.10,H,03,03,.,Thunnus spp,1,,TWO MONOCANTHIDAE REMOVED FROM SAMPLE 50mm AND 47mm,
04,0317,008,B150,50431,26.5020,-85.0085,1830.00,01MAY2016:17:07:21,01MAY2016:17:17:27,10.10,H,03,03,.,Thunnus thynnus,0,,TWO MONOCANTHIDAE REMOVED FROM SAMPLE 50mm AND 47mm,
04,0317,009,B149,50436,25.9932,-85.0095,3331.00,01MAY2016:21:54:38,01MAY2016:22:04:37,9.98,H,03,09,.,Katsuwonus pelamis,0,,,
04,0317,009,B149,50436,25.9932,-85.0095,3331.00,01MAY2016:21:54:38,01MAY2016:22:04:37,9.98,H,03,09,.,Thunnus spp,1,,,
04,0317,009,B149,50436,25.9932,-85.0095,3331.00,01MAY2016:21:54:38,01MAY2016:22:04:37,9.98,H,03,09,.,Thunnus thynnus,0,,,
04,0317,010,B147,50441,26.0063,-84.5002,223.44,02MAY2016:02:01:42,02MAY2016:02:11:40,9.96,H,03,09,.,Katsuwonus pelamis,2,,,
04,0317,010,B147,50441,26.0063,-84.5002,223.44,02MAY2016:02:01:42,02MAY2016:02:11:40,9.96,H,03,09,.,Thunnus spp,9,,,
04,0317,010,B147,50441,26.0063,-84.5002,223.44,02MAY2016:02:01:42,02MAY2016:02:11:40,9.96,H,03,09,.,Thunnus thynnus,0,,,
04,0317,011,B131,50446,26.0050,-84.0052,139.89,02MAY2016:05:47:08,02MAY2016:05:57:13,10.08,H,03,09,.,Katsuwonus pelamis,0,,220MM 120MM AND 130 MM EXOCOETIDAE REMOVED FROM NEUSTON,
04,0317,011,B131,50446,26.0050,-84.0052,139.89,02MAY2016:05:47:08,02MAY2016:05:57:13,10.08,H,03,09,.,Thunnus spp,1,,220MM 120MM AND 130 MM EXOCOETIDAE REMOVED FROM NEUSTON,
04,0317,011,B131,50446,26.0050,-84.0052,139.89,02MAY2016:05:47:08,02MAY2016:05:57:13,10.08,H,03,09,.,Thunnus thynnus,0,,220MM 120MM AND 130 MM EXOCOETIDAE REMOVED FROM NEUSTON,
04,0317,012,B130,50451,25.5103,-83.9950,140.17,02MAY2016:09:38:50,02MAY2016:09:48:52,10.03,H,03,09,.,NO TUNA LARVAE CAUGH,0,,,
04,0317,013,B129,50456,25.0048,-84.0025,128.34,02MAY2016:13:55:41,02MAY2016:14:05:43,10.03,H,03,09,.,NO TUNA LARVAE CAUGH,0,,,
04,0317,014,B128,50461,24.5038,-83.9930,2125.79,02MAY2016:17:35:16,02MAY2016:17:45:17,10.01,H,03,09,.,Katsuwonus pelamis,0,,,
04,0317,014,B128,50461,24.5038,-83.9930,2125.79,02MAY2016:17:35:16,02MAY2016:17:45:17,10.01,H,03,09,.,Thunnus spp,1,,,
04,0317,014,B128,50461,24.5038,-83.9930,2125.79,02MAY2016:17:35:16,02MAY2016:17:45:17,10.01,H,03,09,.,Thunnus thynnus,0,,,
04,0317,015,B125,50466,24.4967,-83.4982,303.63,02MAY2016:21:30:57,02MAY2016:21:40:58,10.01,H,03,09,.,Katsuwonus pelamis,0,,,
04,0317,015,B125,50466,24.4967,-83.4982,303.63,02MAY2016:21:30:57,02MAY2016:21:40:58,10.01,H,03,09,.,Thunnus spp,1,,,
04,0317,015,B125,50466,24.4967,-83.4982,303.63,02MAY2016:21:30:57,02MAY2016:21:40:58,10.01,H,03,09,.,Thunnus thynnus,0,,,
04,0317,016,B126,50471,24.0077,-83.5013,1068.06,03MAY2016:01:32:58,03MAY2016:01:42:57,9.98,H,03,09,.,Katsuwonus pelamis,0,,,
04,0317,016,B126,50471,24.0077,-83.5013,1068.06,03MAY2016:01:32:58,03MAY2016:01:42:57,9.98,H,03,09,.,Thunnus spp,1,,,
04,0317,016,B126,50471,24.0077,-83.5013,1068.06,03MAY2016:01:32:58,03MAY2016:01:42:57,9.98,H,03,09,.,Thunnus thynnus,0,,,
04,0317,017,B127,50476,23.9942,-83.9987,2410.59,03MAY2016:06:02:22,03MAY2016:06:12:24,10.03,H,03,09,.,NO TUNA LARVAE CAUGH,0,,,
04,0317,018,B263,50481,24.5082,-84.4928,3419.90,03MAY2016:11:19:56,03MAY2016:11:29:58,10.03,H,03,09,.,Katsuwonus pelamis,0,,,
04,0317,018,B263,50481,24.5082,-84.4928,3419.90,03MAY2016:11:19:56,03MAY2016:11:29:58,10.03,H,03,09,.,Thunnus spp,5,,,
04,0317,018,B263,50481,24.5082,-84.4928,3419.90,03MAY2016:11:19:56,03MAY2016:11:29:58,10.03,H,03,09,.,Thunnus thynnus,1,,,
04,0317,019,B262,50486,25.0047,-84.4875,1999.10,03MAY2016:15:38:41,03MAY2016:15:48:44,10.05,H,03,09,.,NO TUNA LARVAE CAUGH,0,,,
04,0317,020,B007,50491,25.0055,-84.9965,3349.00,03MAY2016:19:56:04,03MAY2016:20:06:08,10.06,H,03,09,.,Katsuwonus pelamis,0,,,
04,0317,020,B007,50491,25.0055,-84.9965,3349.00,03MAY2016:19:56:04,03MAY2016:20:06:08,10.06,H,03,09,.,Thunnus spp,3,,,
04,0317,020,B007,50491,25.0055,-84.9965,3349.00,03MAY2016:19:56:04,03MAY2016:20:06:08,10.06,H,03,09,.,Thunnus thynnus,0,,,
04,0317,021,B072,50496,24.5200,-84.9942,3389.00,04MAY2016:01:34:33,04MAY2016:01:44:33,10.00,H,03,09,.,Katsuwonus pelamis,0,,,
04,0317,021,B072,50496,24.5200,-84.9942,3389.00,04MAY2016:01:34:33,04MAY2016:01:44:33,10.00,H,03,09,.,Thunnus spp,1,,,
04,0317,021,B072,50496,24.5200,-84.9942,3389.00,04MAY2016:01:34:33,04MAY2016:01:44:33,10.00,H,03,09,.,Thunnus thynnus,0,,,
04,0317,022,B266,50501,24.6673,-85.5122,3374.50,04MAY2016:05:40:00,04MAY2016:05:50:02,10.03,H,03,09,.,NO TUNA LARVAE CAUGH,0,,,
04,0317,023,B262,50506,25.0020,-85.5012,3301.30,04MAY2016:09:03:56,04MAY2016:09:13:58,10.03,H,03,09,.,Auxis spp,3,"ventral pigment row, but no cleithral pigment.",170MM EXOCOETIDAE REMOVED FROM NEUSTON,
04,0317,023,B262,50506,25.0020,-85.5012,3301.30,04MAY2016:09:03:56,04MAY2016:09:13:58,10.03,H,03,09,.,Katsuwonus pelamis,0,,170MM EXOCOETIDAE REMOVED FROM NEUSTON,
04,0317,023,B262,50506,25.0020,-85.5012,3301.30,04MAY2016:09:03:56,04MAY2016:09:13:58,10.03,H,03,09,.,Thunnus spp,3,,170MM EXOCOETIDAE REMOVED FROM NEUSTON,
04,0317,023,B262,50506,25.0020,-85.5012,3301.30,04MAY2016:09:03:56,04MAY2016:09:13:58,10.03,H,03,09,.,Thunnus thynnus,0,,170MM EXOCOETIDAE REMOVED FROM NEUSTON,
04,0317,024,B008,50511,24.9965,-86.0117,3292.20,04MAY2016:15:40:46,04MAY2016:15:50:47,10.01,H,03,09,.,Katsuwonus pelamis,0,,71MM HIPPOCAMPUS ERECTUS,
04,0317,024,B008,50511,24.9965,-86.0117,3292.20,04MAY2016:15:40:46,04MAY2016:15:50:47,10.01,H,03,09,.,Thunnus spp,1,,71MM HIPPOCAMPUS ERECTUS,
04,0317,024,B008,50511,24.9965,-86.0117,3292.20,04MAY2016:15:40:46,04MAY2016:15:50:47,10.01,H,03,09,.,Thunnus thynnus,0,,71MM HIPPOCAMPUS ERECTUS,
04,0317,026,B074,50518,25.5025,-86.0132,3200.80,05MAY2016:14:46:43,05MAY2016:14:56:46,10.05,H,03,09,.,NO TUNA LARVAE CAUGH,0,,,
04,0317,027,B006,50523,25.9897,-86.0002,3230.00,05MAY2016:18:19:45,05MAY2016:18:29:46,10.01,H,03,09,.,NO TUNA LARVAE CAUGH,0,,,
04,0317,029,B005,50532,26.9912,-85.9963,3203.00,06MAY2016:02:44:41,06MAY2016:02:54:42,10.01,H,03,09,.,NO TUNA LARVAE CAUGH,0,,,
04,0317,030,B078,50537,27.5022,-86.0057,3237.30,06MAY2016:07:12:43,06MAY2016:07:22:46,10.05,H,03,09,.,NO TUNA LARVAE CAUGH,0,,,
04,0317,031,B163,50542,27.9988,-86.0118,1043.67,06MAY2016:10:59:20,06MAY2016:11:09:22,10.03,H,03,09,.,NO TUNA LARVAE CAUGH,0,,,
04,0317,032,B164,50547,28.5112,-85.9908,340.08,06MAY2016:15:43:31,06MAY2016:15:53:34,10.05,H,03,09,.,NO TUNA LARVAE CAUGH,0,,,
04,0317,033,B170,50552,28.9948,-86.5000,393.48,06MAY2016:20:32:07,06MAY2016:20:42:10,10.05,H,03,09,.,NO TUNA LARVAE CAUGH,0,,,
04,0317,034,B002,50557,28.9940,-87.0018,717.31,07MAY2016:00:24:54,07MAY2016:00:34:55,10.01,H,03,09,.,Katsuwonus pelamis,0,,FOUR MONACANTHIDAE ALUTERUS SP REMOVED FROM SAMPLE 94mm 99mm 110mm AND 112mm,
04,0317,034,B002,50557,28.9940,-87.0018,717.31,07MAY2016:00:24:54,07MAY2016:00:34:55,10.01,H,03,09,.,Thunnus spp,1,,FOUR MONACANTHIDAE ALUTERUS SP REMOVED FROM SAMPLE 94mm 99mm 110mm AND 112mm,
04,0317,034,B002,50557,28.9940,-87.0018,717.31,07MAY2016:00:24:54,07MAY2016:00:34:55,10.01,H,03,09,.,Thunnus thynnus,1,,FOUR MONACANTHIDAE ALUTERUS SP REMOVED FROM SAMPLE 94mm 99mm 110mm AND 112mm,
04,0317,035,B080,50562,28.5047,-87.0097,895.09,07MAY2016:04:39:58,07MAY2016:04:49:59,10.01,H,03,09,.,Katsuwonus pelamis,4,,107mm Exocoetidae removed from sample,
04,0317,035,B080,50562,28.5047,-87.0097,895.09,07MAY2016:04:39:58,07MAY2016:04:49:59,10.01,H,03,09,.,Thunnus spp,0,,107mm Exocoetidae removed from sample,
04,0317,035,B080,50562,28.5047,-87.0097,895.09,07MAY2016:04:39:58,07MAY2016:04:49:59,10.01,H,03,09,.,Thunnus thynnus,0,,107mm Exocoetidae removed from sample,
04,0317,036,B003,50567,28.0050,-87.0002,2813.00,07MAY2016:08:54:50,07MAY2016:09:00:44,5.90,H,03,09,.,NO TUNA LARVAE CAUGH,0,,,
04,0317,037,B079,50572,27.4973,-86.9927,3047.10,07MAY2016:12:41:38,07MAY2016:12:51:40,10.03,H,03,09,.,NO TUNA LARVAE CAUGH,0,,,
04,0317,038,B004,50577,26.9998,-86.9845,2946.00,07MAY2016:18:39:48,07MAY2016:18:49:52,10.06,H,03,09,.,NO TUNA LARVAE CAUGH,0,,,
04,0317,039,B076,50582,26.4997,-87.0052,2946.00,07MAY2016:23:27:52,07MAY2016:23:37:53,10.01,H,03,09,.,NO TUNA LARVAE CAUGH,0,,,
04,0317,040,B009,50587,26.2840,-87.0035,3093.00,08MAY2016:02:22:02,08MAY2016:02:32:03,10.01,H,03,09,.,Katsuwonus pelamis,1,,,
04,0317,040,B009,50587,26.2840,-87.0035,3093.00,08MAY2016:02:22:02,08MAY2016:02:32:03,10.01,H,03,09,.,Thunnus spp,1,,,
04,0317,040,B009,50587,26.2840,-87.0035,3093.00,08MAY2016:02:22:02,08MAY2016:02:32:03,10.01,H,03,09,.,Thunnus thynnus,0,,,
04,0317,041,B273,50592,26.0098,-87.5050,3145.90,08MAY2016:07:21:44,08MAY2016:07:31:52,10.13,H,03,09,.,Katsuwonus pelamis,2,,,
04,0317,041,B273,50592,26.0098,-87.5050,3145.90,08MAY2016:07:21:44,08MAY2016:07:31:52,10.13,H,03,09,.,Thunnus spp,0,,,
04,0317,041,B273,50592,26.0098,-87.5050,3145.90,08MAY2016:07:21:44,08MAY2016:07:31:52,10.13,H,03,09,.,Thunnus thynnus,0,,,
04,0317,042,B010,50597,26.0043,-88.0002,3008.70,08MAY2016:12:09:07,08MAY2016:12:19:13,10.10,H,03,09,.,NO TUNA LARVAE CAUGH,0,,,
04,0317,043,B066,50602,26.5113,-88.0010,2706.90,08MAY2016:16:15:28,08MAY2016:16:25:32,10.06,H,03,09,.,NO TUNA LARVAE CAUGH,0,,,
04,0317,044,B011,50607,27.0008,-87.9947,2745.00,08MAY2016:20:36:56,08MAY2016:20:46:56,10.00,H,03,09,.,NO TUNA LARVAE CAUGH,0,,,
04,0317,045,B288,50612,27.0053,-88.5055,2654.00,09MAY2016:01:31:37,09MAY2016:01:41:40,10.05,H,03,09,.,Katsuwonus pelamis,0,,two exocetidae 137mm and 155mm removed from sample,
04,0317,045,B288,50612,27.0053,-88.5055,2654.00,09MAY2016:01:31:37,09MAY2016:01:41:40,10.05,H,03,09,.,Thunnus spp,1,,two exocetidae 137mm and 155mm removed from sample,
04,0317,045,B288,50612,27.0053,-88.5055,2654.00,09MAY2016:01:31:37,09MAY2016:01:41:40,10.05,H,03,09,.,Thunnus thynnus,0,,two exocetidae 137mm and 155mm removed from sample,
04,0317,046,B012,50617,27.0072,-88.9988,2430.90,09MAY2016:06:16:56,09MAY2016:06:27:04,10.13,H,03,09,.,Katsuwonus pelamis,1,,215MM EXOCOETIDAE REMOVED FROM SAMPLE,
04,0317,046,B012,50617,27.0072,-88.9988,2430.90,09MAY2016:06:16:56,09MAY2016:06:27:04,10.13,H,03,09,.,Thunnus spp,1,,215MM EXOCOETIDAE REMOVED FROM SAMPLE,
04,0317,046,B012,50617,27.0072,-88.9988,2430.90,09MAY2016:06:16:56,09MAY2016:06:27:04,10.13,H,03,09,.,Thunnus thynnus,0,,215MM EXOCOETIDAE REMOVED FROM SAMPLE,
04,0317,047,B063,50622,26.5133,-89.0052,2867.90,09MAY2016:10:48:13,09MAY2016:10:58:23,10.16,H,03,09,.,NO TUNA LARVAE CAUGH,0,,,
04,0317,048,B013,50627,26.0140,-89.0003,3109.30,09MAY2016:16:10:08,09MAY2016:16:20:14,10.10,H,03,09,.,NO TUNA LARVAE CAUGH,0,,,
04,0317,049,B291,50632,26.0080,-89.4983,3294.00,09MAY2016:20:21:46,09MAY2016:20:31:48,10.03,H,03,09,.,NO TUNA LARVAE CAUGH,0,,,
04,0317,050,B014,50637,26.0043,-89.9977,2909.00,10MAY2016:01:00:02,10MAY2016:01:10:06,10.06,H,03,09,.,NO TUNA LARVAE CAUGH,0,,,
04,0317,051,B062,50642,26.5065,-90.0030,2853.20,10MAY2016:06:00:00,10MAY2016:06:10:07,10.11,H,03,09,.,NO TUNA LARVAE CAUGH,0,,,
04,0317,052,B015,50647,27.0073,-89.9993,2476.08,10MAY2016:10:47:29,10MAY2016:10:57:34,10.08,H,03,09,.,Katsuwonus pelamis,2,,78MM AND 60MM MONACANTHIDAE,
04,0317,052,B015,50647,27.0073,-89.9993,2476.08,10MAY2016:10:47:29,10MAY2016:10:57:34,10.08,H,03,09,.,Thunnus spp,8,,78MM AND 60MM MONACANTHIDAE,
04,0317,052,B015,50647,27.0073,-89.9993,2476.08,10MAY2016:10:47:29,10MAY2016:10:57:34,10.08,H,03,09,.,Thunnus thynnus,2,,78MM AND 60MM MONACANTHIDAE,
04,0317,053,B296,50652,27.0067,-90.4950,1589.57,10MAY2016:14:51:18,10MAY2016:15:01:24,10.10,H,03,09,.,NO TUNA LARVAE CAUGH,0,,,
04,0317,054,B018,50657,27.0040,-91.0033,1725.76,10MAY2016:19:28:07,10MAY2016:19:38:09,10.03,H,03,09,.,Katsuwonus pelamis,0,,,
04,0317,054,B018,50657,27.0040,-91.0033,1725.76,10MAY2016:19:28:07,10MAY2016:19:38:09,10.03,H,03,09,.,Thunnus spp,1,,,
04,0317,054,B018,50657,27.0040,-91.0033,1725.76,10MAY2016:19:28:07,10MAY2016:19:38:09,10.03,H,03,09,.,Thunnus thynnus,1,mid dorsal pigment. Changed from K. pelamis.,,
04,0317,055,B059,50662,26.5133,-90.9975,2216.47,11MAY2016:00:33:59,11MAY2016:00:44:06,10.11,H,03,09,.,Katsuwonus pelamis,0,,,
04,0317,055,B059,50662,26.5133,-90.9975,2216.47,11MAY2016:00:33:59,11MAY2016:00:44:06,10.11,H,03,09,.,Thunnus spp,0,,,
04,0317,055,B059,50662,26.5133,-90.9975,2216.47,11MAY2016:00:33:59,11MAY2016:00:44:06,10.11,H,03,09,.,Thunnus thynnus,1,,,
04,0317,056,B019,50667,26.0023,-91.0032,2706.90,11MAY2016:05:41:08,11MAY2016:05:51:15,10.11,H,03,09,.,NO TUNA LARVAE CAUGH,0,,,
04,0317,057,B299,50672,26.0072,-91.5027,2445.85,11MAY2016:11:56:02,11MAY2016:12:06:10,10.13,H,03,09,.,Katsuwonus pelamis,0,,,
04,0317,057,B299,50672,26.0072,-91.5027,2445.85,11MAY2016:11:56:02,11MAY2016:12:06:10,10.13,H,03,09,.,Thunnus spp,4,,,
04,0317,057,B299,50672,26.0072,-91.5027,2445.85,11MAY2016:11:56:02,11MAY2016:12:06:10,10.13,H,03,09,.,Thunnus thynnus,4,,,
04,0317,058,B020,50677,25.9917,-92.0052,2448.70,11MAY2016:16:47:14,11MAY2016:16:57:15,10.01,H,03,09,.,Katsuwonus pelamis,0,,,
04,0317,058,B020,50677,25.9917,-92.0052,2448.70,11MAY2016:16:47:14,11MAY2016:16:57:15,10.01,H,03,09,.,Thunnus spp,2,,,
04,0317,058,B020,50677,25.9917,-92.0052,2448.70,11MAY2016:16:47:14,11MAY2016:16:57:15,10.01,H,03,09,.,Thunnus thynnus,4,,,
04,0317,059,B058,50682,26.4990,-92.0057,1782.81,19MAY2016:00:54:40,19MAY2016:01:04:46,10.10,H,03,09,.,Katsuwonus pelamis,0,,,
04,0317,059,B058,50682,26.4990,-92.0057,1782.81,19MAY2016:00:54:40,19MAY2016:01:04:46,10.10,H,03,09,.,Thunnus spp,4,,,
04,0317,059,B058,50682,26.4990,-92.0057,1782.81,19MAY2016:00:54:40,19MAY2016:01:04:46,10.10,H,03,09,.,Thunnus thynnus,6,,,
04,0317,060,B021,50687,27.0010,-92.0042,1413.08,19MAY2016:06:19:54,19MAY2016:06:29:54,10.00,H,03,09,.,Katsuwonus pelamis,0,,,
04,0317,060,B021,50687,27.0010,-92.0042,1413.08,19MAY2016:06:19:54,19MAY2016:06:29:54,10.00,H,03,09,.,Thunnus spp,0,,,
04,0317,060,B021,50687,27.0010,-92.0042,1413.08,19MAY2016:06:19:54,19MAY2016:06:29:54,10.00,H,03,09,.,Thunnus thynnus,1,,,
04,0317,061,B304,50692,27.0050,-92.5047,1445.88,19MAY2016:10:28:13,19MAY2016:10:38:09,9.93,H,03,09,.,Katsuwonus pelamis,0,,,
04,0317,061,B304,50692,27.0050,-92.5047,1445.88,19MAY2016:10:28:13,19MAY2016:10:38:09,9.93,H,03,09,.,Thunnus spp,1,,,
04,0317,061,B304,50692,27.0050,-92.5047,1445.88,19MAY2016:10:28:13,19MAY2016:10:38:09,9.93,H,03,09,.,Thunnus thynnus,4,,,
04,0317,062,B0243,50697,27.0143,-93.0030,1386.83,19MAY2016:15:33:55,19MAY2016:15:43:57,10.03,H,03,09,.,Katsuwonus pelamis,0,,,
04,0317,062,B0243,50697,27.0143,-93.0030,1386.83,19MAY2016:15:33:55,19MAY2016:15:43:57,10.03,H,03,09,.,Thunnus spp,5,,,
04,0317,062,B0243,50697,27.0143,-93.0030,1386.83,19MAY2016:15:33:55,19MAY2016:15:43:57,10.03,H,03,09,.,Thunnus thynnus,0,,,
04,0317,063,B055,50702,26.5107,-92.9993,1751.12,19MAY2016:20:01:57,19MAY2016:20:12:01,10.06,H,03,09,.,NO TUNA LARVAE CAUGH,0,,,
04,0317,064,B025,50707,26.2900,-93.0005,1929.98,19MAY2016:23:20:01,19MAY2016:23:30:06,10.08,H,03,09,.,NO TUNA LARVAE CAUGH,0,,,
04,0317,065,B307,50712,26.0218,-93.4922,2286.25,20MAY2016:03:55:20,20MAY2016:04:05:29,10.15,H,03,09,.,Katsuwonus pelamis,0,,,
04,0317,065,B307,50712,26.0218,-93.4922,2286.25,20MAY2016:03:55:20,20MAY2016:04:05:29,10.15,H,03,09,.,Thunnus spp,12,,,
04,0317,065,B307,50712,26.0218,-93.4922,2286.25,20MAY2016:03:55:20,20MAY2016:04:05:29,10.15,H,03,09,.,Thunnus thynnus,8,,,
04,0317,066,B026,50717,26.0227,-93.9992,2975.50,20MAY2016:08:39:15,20MAY2016:08:49:14,9.98,H,03,09,.,Katsuwonus pelamis,1,,,
04,0317,066,B026,50717,26.0227,-93.9992,2975.50,20MAY2016:08:39:15,20MAY2016:08:49:14,9.98,H,03,09,.,Thunnus spp,7,,,
04,0317,066,B026,50717,26.0227,-93.9992,2975.50,20MAY2016:08:39:15,20MAY2016:08:49:14,9.98,H,03,09,.,Thunnus thynnus,13,,,
04,0317,067,B054,50722,26.5088,-93.9950,1489.59,20MAY2016:13:03:47,20MAY2016:13:13:40,9.88,H,03,09,.,Katsuwonus pelamis,0,,,
04,0317,067,B054,50722,26.5088,-93.9950,1489.59,20MAY2016:13:03:47,20MAY2016:13:13:40,9.88,H,03,09,.,Thunnus spp,1,,,
04,0317,067,B054,50722,26.5088,-93.9950,1489.59,20MAY2016:13:03:47,20MAY2016:13:13:40,9.88,H,03,09,.,Thunnus thynnus,2,,,
04,0317,068,B027,50727,27.0128,-93.9917,1004.76,20MAY2016:17:38:24,20MAY2016:17:48:30,10.10,H,03,09,.,NO TUNA LARVAE CAUGH,0,,,
04,0317,070,B028,50736,26.9957,-95.0135,1488.30,21MAY2016:02:38:05,21MAY2016:02:48:10,10.08,H,03,09,.,NO TUNA LARVAE CAUGH,0,,,
04,0317,071,B052,50741,26.5048,-95.0105,1677.90,21MAY2016:07:00:45,21MAY2016:07:10:47,10.03,H,03,09,.,Katsuwonus pelamis,0,,,
04,0317,071,B052,50741,26.5048,-95.0105,1677.90,21MAY2016:07:00:45,21MAY2016:07:10:47,10.03,H,03,09,.,Thunnus spp,1,,,
04,0317,071,B052,50741,26.5048,-95.0105,1677.90,21MAY2016:07:00:45,21MAY2016:07:10:47,10.03,H,03,09,.,Thunnus thynnus,1,,,
04,0317,073,B313,50751,26.0247,-95.4967,1481.50,21MAY2016:15:37:52,21MAY2016:15:47:45,9.88,H,03,09,.,Katsuwonus pelamis,0,,,
04,0317,073,B313,50751,26.0247,-95.4967,1481.50,21MAY2016:15:37:52,21MAY2016:15:47:45,9.88,H,03,09,.,Thunnus spp,0,,,
04,0317,073,B313,50751,26.0247,-95.4967,1481.50,21MAY2016:15:37:52,21MAY2016:15:47:45,9.88,H,03,09,.,Thunnus thynnus,1,,,
04,0317,074,B030,50756,26.0203,-95.9943,1029.67,21MAY2016:20:03:27,21MAY2016:20:13:31,10.06,H,03,09,.,Katsuwonus pelamis,0,,,
04,0317,074,B030,50756,26.0203,-95.9943,1029.67,21MAY2016:20:03:27,21MAY2016:20:13:31,10.06,H,03,09,.,Thunnus spp,0,,,
04,0317,074,B030,50756,26.0203,-95.9943,1029.67,21MAY2016:20:03:27,21MAY2016:20:13:31,10.06,H,03,09,.,Thunnus thynnus,1,,,
04,0317,075,B240,50761,26.5057,-96.0022,1081.36,22MAY2016:00:33:27,22MAY2016:00:43:34,10.11,H,03,09,.,NO TUNA LARVAE CAUGH,0,,,
04,0317,076,B031,50766,26.9998,-96.0080,816.54,22MAY2016:05:37:06,22MAY2016:05:47:07,10.01,H,03,09,.,NO TUNA LARVAE CAUGH,0,,,
04,0317,077,B232,50771,27.5565,-96.0073,163.36,22MAY2016:10:39:42,22MAY2016:10:49:44,10.03,H,03,09,.,Katsuwonus pelamis,0,,,
04,0317,077,B232,50771,27.5565,-96.0073,163.36,22MAY2016:10:39:42,22MAY2016:10:49:44,10.03,H,03,09,.,Thunnus spp,1,,,
04,0317,077,B232,50771,27.5565,-96.0073,163.36,22MAY2016:10:39:42,22MAY2016:10:49:44,10.03,H,03,09,.,Thunnus thynnus,0,,,
04,0317,078,B231,50776,28.0090,-96.0053,45.31,22MAY2016:15:08:40,22MAY2016:15:18:44,10.06,H,03,09,.,NO TUNA LARVAE CAUGH,0,,,
04,0317,080,B225,50785,27.5030,-95.5077,656.20,23MAY2016:00:40:41,23MAY2016:00:50:45,10.06,H,03,09,.,Katsuwonus pelamis,0,,,
04,0317,080,B225,50785,27.5030,-95.5077,656.20,23MAY2016:00:40:41,23MAY2016:00:50:45,10.06,H,03,09,.,Thunnus spp,0,,,
04,0317,080,B225,50785,27.5030,-95.5077,656.20,23MAY2016:00:40:41,23MAY2016:00:50:45,10.06,H,03,09,.,Thunnus thynnus,2,,,
04,0317,081,B224,50790,27.4993,-95.0127,904.28,23MAY2016:05:03:52,23MAY2016:05:13:51,9.98,H,03,09,.,Katsuwonus pelamis,0,,,
04,0317,081,B224,50790,27.4993,-95.0127,904.28,23MAY2016:05:03:52,23MAY2016:05:13:51,9.98,H,03,09,.,Thunnus spp,0,,,
04,0317,081,B224,50790,27.4993,-95.0127,904.28,23MAY2016:05:03:52,23MAY2016:05:13:51,9.98,H,03,09,.,Thunnus thynnus,1,,,
04,0317,082,B223,50795,28.0135,-95.0098,79.75,23MAY2016:09:54:29,23MAY2016:10:04:27,9.96,H,03,09,.,NO TUNA LARVAE CAUGH,0,,,
04,0317,083,B217,50800,28.0085,-94.5012,71.55,23MAY2016:14:02:39,23MAY2016:14:12:41,10.03,H,03,09,.,Katsuwonus pelamis,0,,,
04,0317,083,B217,50800,28.0085,-94.5012,71.55,23MAY2016:14:02:39,23MAY2016:14:12:41,10.03,H,03,09,.,Thunnus spp,1,,,
04,0317,083,B217,50800,28.0085,-94.5012,71.55,23MAY2016:14:02:39,23MAY2016:14:12:41,10.03,H,03,09,.,Thunnus thynnus,0,,,
04,0317,084,B243,50805,27.5050,-94.5053,668.60,23MAY2016:19:29:34,23MAY2016:19:39:38,10.06,H,03,09,.,Katsuwonus pelamis,0,,,
04,0317,084,B243,50805,27.5050,-94.5053,668.60,23MAY2016:19:29:34,23MAY2016:19:39:38,10.06,H,03,09,.,Thunnus spp,0,,,
04,0317,084,B243,50805,27.5050,-94.5053,668.60,23MAY2016:19:29:34,23MAY2016:19:39:38,10.06,H,03,09,.,Thunnus thynnus,1,,,
04,0317,085,B053,50810,27.5083,-94.0057,829.32,23MAY2016:23:36:36,23MAY2016:23:46:40,10.06,H,03,09,.,Katsuwonus pelamis,0,,,
04,0317,085,B053,50810,27.5083,-94.0057,829.32,23MAY2016:23:36:36,23MAY2016:23:46:40,10.06,H,03,09,.,Thunnus spp,3,,,
04,0317,085,B053,50810,27.5083,-94.0057,829.32,23MAY2016:23:36:36,23MAY2016:23:46:40,10.06,H,03,09,.,Thunnus thynnus,9,,,
04,0317,086,B216,50815,28.0117,-94.0140,80.96,24MAY2016:04:06:56,24MAY2016:04:17:02,10.10,H,03,09,.,Katsuwonus pelamis,0,,2 exocoetidae 81mm and 79mm FL and 1 Diodontidae 40mm TL removed form net,
04,0317,086,B216,50815,28.0117,-94.0140,80.96,24MAY2016:04:06:56,24MAY2016:04:17:02,10.10,H,03,09,.,Thunnus spp,0,,2 exocoetidae 81mm and 79mm FL and 1 Diodontidae 40mm TL removed form net,
04,0317,086,B216,50815,28.0117,-94.0140,80.96,24MAY2016:04:06:56,24MAY2016:04:17:02,10.10,H,03,09,.,Thunnus thynnus,9,,2 exocoetidae 81mm and 79mm FL and 1 Diodontidae 40mm TL removed form net,
04,0317,087,B209,50820,28.0075,-93.4995,86.91,24MAY2016:08:16:44,24MAY2016:08:26:47,10.05,H,03,09,.,NO TUNA LARVAE CAUGH,0,,,
04,0317,088,B244,50825,27.5072,-93.4968,564.85,24MAY2016:12:53:52,24MAY2016:13:03:57,10.08,H,03,09,.,Katsuwonus pelamis,0,,,
04,0317,088,B244,50825,27.5072,-93.4968,564.85,24MAY2016:12:53:52,24MAY2016:13:03:57,10.08,H,03,09,.,Thunnus spp,0,,,
04,0317,088,B244,50825,27.5072,-93.4968,564.85,24MAY2016:12:53:52,24MAY2016:13:03:57,10.08,H,03,09,.,Thunnus thynnus,1,,,
04,0317,089,B056,50830,27.5057,-93.0068,747.19,24MAY2016:16:55:40,24MAY2016:17:05:44,10.06,H,03,09,.,NO TUNA LARVAE CAUGH,0,,,
04,0317,090,B023,50835,28.0117,-93.0063,106.29,24MAY2016:21:55:34,24MAY2016:22:05:37,10.05,H,03,09,.,Katsuwonus pelamis,0,,,
04,0317,090,B023,50835,28.0117,-93.0063,106.29,24MAY2016:21:55:34,24MAY2016:22:05:37,10.05,H,03,09,.,Thunnus spp,3,,,
04,0317,090,B023,50835,28.0117,-93.0063,106.29,24MAY2016:21:55:34,24MAY2016:22:05:37,10.05,H,03,09,.,Thunnus thynnus,2,,,
04,0317,091,B202,50840,28.0065,-92.5062,107.73,25MAY2016:02:37:45,25MAY2016:02:47:51,10.10,H,03,09,.,NO TUNA LARVAE CAUGH,0,,,
04,0317,092,B245,50845,27.5028,-92.5048,893.59,25MAY2016:07:50:45,25MAY2016:08:00:47,10.03,H,03,09,.,NO TUNA LARVAE CAUGH,0,,,
04,0317,093,B057,50850,27.5097,-92.0035,796.41,25MAY2016:12:06:57,25MAY2016:12:17:01,10.06,H,03,09,.,NO TUNA LARVAE CAUGH,0,,,
04,0317,094,B022,50855,28.0085,-92.0008,119.84,25MAY2016:18:26:48,25MAY2016:18:36:51,10.05,H,03,09,.,NO TUNA LARVAE CAUGH,0,,,
04,0317,095,B195,50860,28.0083,-91.4988,160.85,25MAY2016:22:23:55,25MAY2016:22:34:00,10.08,H,03,09,.,NO TUNA LARVAE CAUGH,0,,,
04,0317,096,B246,50865,27.5012,-91.5128,1001.52,26MAY2016:03:17:03,26MAY2016:03:27:08,10.08,H,03,09,.,NO TUNA LARVAE CAUGH,0,,,
04,0317,097,B060,50870,27.5100,-91.0090,1056.48,26MAY2016:07:53:37,26MAY2016:08:03:35,9.96,H,03,09,.,Katsuwonus pelamis,1,,,
04,0317,097,B060,50870,27.5100,-91.0090,1056.48,26MAY2016:07:53:37,26MAY2016:08:03:35,9.96,H,03,09,.,Thunnus spp,3,,,
04,0317,097,B060,50870,27.5100,-91.0090,1056.48,26MAY2016:07:53:37,26MAY2016:08:03:35,9.96,H,03,09,.,Thunnus thynnus,8,,,
04,0317,098,B017,50875,28.0095,-90.9977,147.49,26MAY2016:12:42:20,26MAY2016:12:52:26,10.10,H,03,09,.,NO TUNA LARVAE CAUGH,0,,,
04,0317,099,B190,50880,28.1410,-90.5025,112.40,26MAY2016:16:50:49,26MAY2016:17:00:57,10.13,H,03,09,.,NO TUNA LARVAE CAUGH,0,,,
04,0317,100,B247,50885,27.5053,-90.5027,1079.59,26MAY2016:22:20:05,26MAY2016:22:30:08,10.05,H,03,09,.,Katsuwonus pelamis,0,,,
04,0317,100,B247,50885,27.5053,-90.5027,1079.59,26MAY2016:22:20:05,26MAY2016:22:30:08,10.05,H,03,09,.,Thunnus spp,3,,,
04,0317,100,B247,50885,27.5053,-90.5027,1079.59,26MAY2016:22:20:05,26MAY2016:22:30:08,10.05,H,03,09,.,Thunnus thynnus,20,,,
04,0317,101,B061,50890,27.5088,-90.0052,1221.95,27MAY2016:02:32:46,27MAY2016:02:42:51,10.08,H,03,09,.,Katsuwonus pelamis,0,,Sprig of Sargassum removed from net,
04,0317,101,B061,50890,27.5088,-90.0052,1221.95,27MAY2016:02:32:46,27MAY2016:02:42:51,10.08,H,03,09,.,Thunnus spp,1,,Sprig of Sargassum removed from net,
04,0317,101,B061,50890,27.5088,-90.0052,1221.95,27MAY2016:02:32:46,27MAY2016:02:42:51,10.08,H,03,09,.,Thunnus thynnus,19,,Sprig of Sargassum removed from net,
04,0317,102,B016,50895,28.0078,-90.0067,564.49,27MAY2016:07:29:19,27MAY2016:07:39:22,10.05,H,03,09,.,Katsuwonus pelamis,0,,,
04,0317,102,B016,50895,28.0078,-90.0067,564.49,27MAY2016:07:29:19,27MAY2016:07:39:22,10.05,H,03,09,.,Thunnus spp,0,,,
04,0317,102,B016,50895,28.0078,-90.0067,564.49,27MAY2016:07:29:19,27MAY2016:07:39:22,10.05,H,03,09,.,Thunnus thynnus,1,,,
04,0317,103,B185,50900,28.0073,-89.4922,1030.49,27MAY2016:12:11:41,27MAY2016:12:21:49,10.13,H,03,09,.,Katsuwonus pelamis,0,,70 mm Stephanolepis and half cup sargassum removed from nn,
04,0317,103,B185,50900,28.0073,-89.4922,1030.49,27MAY2016:12:11:41,27MAY2016:12:21:49,10.13,H,03,09,.,Thunnus spp,6,,70 mm Stephanolepis and half cup sargassum removed from nn,
04,0317,103,B185,50900,28.0073,-89.4922,1030.49,27MAY2016:12:11:41,27MAY2016:12:21:49,10.13,H,03,09,.,Thunnus thynnus,0,,70 mm Stephanolepis and half cup sargassum removed from nn,
04,0317,104,B248,50905,27.5050,-89.5012,1864.90,27MAY2016:17:17:19,27MAY2016:17:27:21,10.03,H,03,09,.,Katsuwonus pelamis,0,,,
04,0317,104,B248,50905,27.5050,-89.5012,1864.90,27MAY2016:17:17:19,27MAY2016:17:27:21,10.03,H,03,09,.,Thunnus spp,0,,,
04,0317,104,B248,50905,27.5050,-89.5012,1864.90,27MAY2016:17:17:19,27MAY2016:17:27:21,10.03,H,03,09,.,Thunnus thynnus,1,,,
04,0317,105,B064,50910,27.5098,-88.9985,1860.92,27MAY2016:21:30:07,27MAY2016:21:40:10,10.05,H,03,09,.,Katsuwonus pelamis,0,,A 65mmTL Stephenolepis spp removed from sample,
04,0317,105,B064,50910,27.5098,-88.9985,1860.92,27MAY2016:21:30:07,27MAY2016:21:40:10,10.05,H,03,09,.,Thunnus spp,1,,A 65mmTL Stephenolepis spp removed from sample,
04,0317,105,B064,50910,27.5098,-88.9985,1860.92,27MAY2016:21:30:07,27MAY2016:21:40:10,10.05,H,03,09,.,Thunnus thynnus,1,,A 65mmTL Stephenolepis spp removed from sample,
04,0317,106,B083,50915,28.0037,-89.0105,1310.98,28MAY2016:02:30:55,28MAY2016:02:40:59,10.06,H,03,09,.,Katsuwonus pelamis,1,,3 Exocoetidae removed from sample 95 115 120mm FL,
04,0317,106,B083,50915,28.0037,-89.0105,1310.98,28MAY2016:02:30:55,28MAY2016:02:40:59,10.06,H,03,09,.,Thunnus spp,2,,3 Exocoetidae removed from sample 95 115 120mm FL,
04,0317,106,B083,50915,28.0037,-89.0105,1310.98,28MAY2016:02:30:55,28MAY2016:02:40:59,10.06,H,03,09,.,Thunnus thynnus,76,,3 Exocoetidae removed from sample 95 115 120mm FL,
04,0317,107,B250,50920,28.0050,-88.5047,2149.84,28MAY2016:07:07:27,28MAY2016:07:17:31,10.06,H,03,09,.,Katsuwonus pelamis,1,,1 qt sargassum from nn,
04,0317,107,B250,50920,28.0050,-88.5047,2149.84,28MAY2016:07:07:27,28MAY2016:07:17:31,10.06,H,03,09,.,Thunnus spp,0,,1 qt sargassum from nn,
04,0317,107,B250,50920,28.0050,-88.5047,2149.84,28MAY2016:07:07:27,28MAY2016:07:17:31,10.06,H,03,09,.,Thunnus thynnus,0,,1 qt sargassum from nn,
04,0317,108,B249,50925,27.5055,-88.4942,2136.56,28MAY2016:12:02:54,28MAY2016:12:12:58,10.06,H,03,09,.,NO TUNA LARVAE CAUGH,0,,,
04,0317,109,B065,50930,27.5085,-87.9978,2514.80,28MAY2016:15:51:16,28MAY2016:16:01:24,10.13,H,03,09,.,NO TUNA LARVAE CAUGH,0,,,
04,0317,110,B285,50935,27.0047,-87.4995,2853.20,28MAY2016:22:00:55,28MAY2016:22:10:58,10.05,H,03,09,.,NO TUNA LARVAE CAUGH,0,,,
04,0317,111,B286,50940,27.4880,-87.4987,2889.80,29MAY2016:02:48:00,29MAY2016:02:58:03,10.05,H,03,09,.,Katsuwonus pelamis,0,,3 Exocoetidae removed from sample 53 54 and 210mm FL,
04,0317,111,B286,50940,27.4880,-87.4987,2889.80,29MAY2016:02:48:00,29MAY2016:02:58:03,10.05,H,03,09,.,Thunnus spp,4,,3 Exocoetidae removed from sample 53 54 and 210mm FL,
04,0317,111,B286,50940,27.4880,-87.4987,2889.80,29MAY2016:02:48:00,29MAY2016:02:58:03,10.05,H,03,09,.,Thunnus thynnus,0,,3 Exocoetidae removed from sample 53 54 and 210mm FL,
04,0317,112,B287,50945,27.9980,-87.5032,2781.10,29MAY2016:08:09:59,29MAY2016:08:20:03,10.06,H,03,09,.,Katsuwonus pelamis,1,,,
04,0317,112,B287,50945,27.9980,-87.5032,2781.10,29MAY2016:08:09:59,29MAY2016:08:20:03,10.06,H,03,09,.,Thunnus spp,0,,,
04,0317,112,B287,50945,27.9980,-87.5032,2781.10,29MAY2016:08:09:59,29MAY2016:08:20:03,10.06,H,03,09,.,Thunnus thynnus,3,,,
04,0317,113,B082,50950,27.9982,-87.9915,2462.80,29MAY2016:12:18:21,29MAY2016:12:28:23,10.03,H,03,09,.,Katsuwonus pelamis,0,,,
04,0317,113,B082,50950,27.9982,-87.9915,2462.80,29MAY2016:12:18:21,29MAY2016:12:28:23,10.03,H,03,09,.,Thunnus spp,4,,,
04,0317,113,B082,50950,27.9982,-87.9915,2462.80,29MAY2016:12:18:21,29MAY2016:12:28:23,10.03,H,03,09,.,Thunnus thynnus,64,,,
04,0317,114,B081,50955,28.4910,-88.0112,2282.50,29MAY2016:17:24:09,29MAY2016:17:34:19,10.16,H,03,09,.,Katsuwonus pelamis,0,,A 30mm TL Diodontidae Burrfish removed from sample,
04,0317,114,B081,50955,28.4910,-88.0112,2282.50,29MAY2016:17:24:09,29MAY2016:17:34:19,10.16,H,03,09,.,Thunnus spp,1,,A 30mm TL Diodontidae Burrfish removed from sample,
04,0317,114,B081,50955,28.4910,-88.0112,2282.50,29MAY2016:17:24:09,29MAY2016:17:34:19,10.16,H,03,09,.,Thunnus thynnus,0,,A 30mm TL Diodontidae Burrfish removed from sample,
04,0317,115,B252,50960,28.5082,-87.5087,2529.50,29MAY2016:21:33:51,29MAY2016:21:43:55,10.06,H,03,09,.,Katsuwonus pelamis,0,,,
04,0317,115,B252,50960,28.5082,-87.5087,2529.50,29MAY2016:21:33:51,29MAY2016:21:43:55,10.06,H,03,09,.,Thunnus spp,2,,,
04,0317,115,B252,50960,28.5082,-87.5087,2529.50,29MAY2016:21:33:51,29MAY2016:21:43:55,10.06,H,03,09,.,Thunnus thynnus,15,,,
04,0317,116,B175,50965,29.0143,-87.5110,1681.06,30MAY2016:02:08:26,30MAY2016:02:18:31,10.08,H,03,09,.,Katsuwonus pelamis,0,,5 Stephanolepis spp 55 70 65 69 75mm FL and 5 Exocoetidae 80 85 91 83 79mm FL and 1 Hemiramphidae 110mm FL removed from sample 1gallon of Sargassum,
04,0317,116,B175,50965,29.0143,-87.5110,1681.06,30MAY2016:02:08:26,30MAY2016:02:18:31,10.08,H,03,09,.,Thunnus spp,1,,5 Stephanolepis spp 55 70 65 69 75mm FL and 5 Exocoetidae 80 85 91 83 79mm FL and 1 Hemiramphidae 110mm FL removed from sample 1gallon of Sargassum,
04,0317,116,B175,50965,29.0143,-87.5110,1681.06,30MAY2016:02:08:26,30MAY2016:02:18:31,10.08,H,03,09,.,Thunnus thynnus,3,,5 Stephanolepis spp 55 70 65 69 75mm FL and 5 Exocoetidae 80 85 91 83 79mm FL and 1 Hemiramphidae 110mm FL removed from sample 1gallon of Sargassum,
04,0317,117,B001,50970,28.9948,-88.0008,1362.03,30MAY2016:06:00:38,30MAY2016:06:10:42,10.06,H,03,09,.,Katsuwonus pelamis,2,,,
04,0317,117,B001,50970,28.9948,-88.0008,1362.03,30MAY2016:06:00:38,30MAY2016:06:10:42,10.06,H,03,09,.,Thunnus spp,4,,,
04,0317,117,B001,50970,28.9948,-88.0008,1362.03,30MAY2016:06:00:38,30MAY2016:06:10:42,10.06,H,03,09,.,Thunnus thynnus,4,,,
04,0317,118,B176,50975,29.4947,-88.0312,45.11,30MAY2016:10:35:17,30MAY2016:10:45:26,10.15,H,03,09,.,NO TUNA LARVAE CAUGH,0,,,
04,0317,119,B174,50980,29.5088,-87.4727,71.06,30MAY2016:18:02:37,30MAY2016:18:12:45,10.13,H,03,09,.,NO TUNA LARVAE CAUGH,0,,,
