VESSEL,CRUISE,P_STA_NO,SEAMAP,SAMPLE_NO,STA_LAT,STA_LON,STA_DPTH,GEAR_IN,GEAR_OUT,TOW_TIME,TOW_PAT,GEAR_ICD,MESH_ICD,VOL_FILT,TAXON,TOT_LARVAE,TAXA_NOTES,SAMPLE_NOTES,COMMENTS,DEPTH_ESRF,DEPTH_EMID,DEPTH_EMAX,DEPTH_EWTR,TEMPSURF,TEMPMID,TEMPMAX,SALSURF,SALMID,SALMAX,OXYSURF,OXYMID,OXYMAX
04,0317,001,B172,50394,29.9948,-86.9900,77.20,30APR2016:04:29:23,30APR2016:04:39:22,9.98,O,01,03,147,NO TUNA LARVAE CAUGH,0,,,,2,48,95,100,23.53,21.05,19.68,33.861,36.033,36.213,7,5.9,4.9
04,0317,002,B169,50399,29.5063,-86.4933,207.95,30APR2016:10:36:43,30APR2016:10:59:20,22.61,O,01,03,338,NO TUNA LARVAE CAUGH,0,,,,2,100,200,206,25.05,20.3,16.86,36.352,36.515,36.267,6.6,4.7,4.2
04,0317,003,B165,50404,29.2073,-86.0120,196.58,30APR2016:14:51:32,30APR2016:15:12:20,20.80,O,01,03,304,Katsuwonus pelamis,1,,HIT BOTTOM ON FIRST ATTEMPT,,2,100,200,201,25.54,20.37,17.36,36.43,36.561,36.333,6.6,4.7,4.1
04,0317,003,B165,50404,29.2073,-86.0120,196.58,30APR2016:14:51:32,30APR2016:15:12:20,20.80,O,01,03,304,Thunnus spp,3,,HIT BOTTOM ON FIRST ATTEMPT,,2,100,200,201,25.54,20.37,17.36,36.43,36.561,36.333,6.6,4.7,4.1
04,0317,003,B165,50404,29.2073,-86.0120,196.58,30APR2016:14:51:32,30APR2016:15:12:20,20.80,O,01,03,304,Thunnus thynnus,0,,HIT BOTTOM ON FIRST ATTEMPT,,2,100,200,201,25.54,20.37,17.36,36.43,36.561,36.333,6.6,4.7,4.1
04,0317,004,B160,50409,28.6775,-85.4993,180.77,30APR2016:20:41:47,30APR2016:21:01:22,19.58,O,01,03,285,Katsuwonus pelamis,1,,,,3,90,180,182,26.17,21.84,18.17,36.436,36.552,36.448,6.6,5.9,4.3
04,0317,004,B160,50409,28.6775,-85.4993,180.77,30APR2016:20:41:47,30APR2016:21:01:22,19.58,O,01,03,285,Thunnus spp,0,,,,3,90,180,182,26.17,21.84,18.17,36.436,36.552,36.448,6.6,5.9,4.3
04,0317,004,B160,50409,28.6775,-85.4993,180.77,30APR2016:20:41:47,30APR2016:21:01:22,19.58,O,01,03,285,Thunnus thynnus,0,,,,3,90,180,182,26.17,21.84,18.17,36.436,36.552,36.448,6.6,5.9,4.3
04,0317,005,B153,50414,28.0108,-85.0002,253.50,01MAY2016:02:26:41,01MAY2016:02:48:46,22.08,O,01,03,366,NO TUNA LARVAE CAUGH,0,,,,2,102,203,246,26.61,21.91,17.91,36.46,36.424,36.452,6.4,6.6,4.7
04,0317,006,B152,50419,27.4930,-84.9930,406.48,01MAY2016:07:51:05,01MAY2016:08:12:33,21.46,O,01,03,323,Katsuwonus pelamis,3,,,,2,101,201,406,26.56,25.9,20.44,36.344,36.506,36.712,6.5,5.8,4.6
04,0317,006,B152,50419,27.4930,-84.9930,406.48,01MAY2016:07:51:05,01MAY2016:08:12:33,21.46,O,01,03,323,Thunnus spp,0,,,,2,101,201,406,26.56,25.9,20.44,36.344,36.506,36.712,6.5,5.8,4.6
04,0317,006,B152,50419,27.4930,-84.9930,406.48,01MAY2016:07:51:05,01MAY2016:08:12:33,21.46,O,01,03,323,Thunnus thynnus,0,,,,2,101,201,406,26.56,25.9,20.44,36.344,36.506,36.712,6.5,5.8,4.6
04,0317,007,B151,50424,27.0095,-85.0025,869.22,01MAY2016:11:59:47,01MAY2016:12:21:01,21.23,O,01,03,322,Katsuwonus pelamis,3,,,,2,101,202,953,26.5,25.98,22.29,36.315,36.303,36.897,6.5,6.4,4.8
04,0317,007,B151,50424,27.0095,-85.0025,869.22,01MAY2016:11:59:47,01MAY2016:12:21:01,21.23,O,01,03,322,Thunnus spp,0,,,,2,101,202,953,26.5,25.98,22.29,36.315,36.303,36.897,6.5,6.4,4.8
04,0317,007,B151,50424,27.0095,-85.0025,869.22,01MAY2016:11:59:47,01MAY2016:12:21:01,21.23,O,01,03,322,Thunnus thynnus,0,,,,2,101,202,953,26.5,25.98,22.29,36.315,36.303,36.897,6.5,6.4,4.8
04,0317,008,B150,50429,26.4863,-85.0088,1830.00,01MAY2016:17:21:30,01MAY2016:17:43:54,22.40,O,01,03,337,NO TUNA LARVAE CAUGH,0,,,,2,100,200,3256,26.7,25.76,21.36,36.35,36.28,36.589,6.5,6.4,5.3
04,0317,009,B149,50434,26.0132,-85.0040,3331.00,01MAY2016:21:28:50,01MAY2016:21:52:21,23.51,O,01,03,380,Katsuwonus pelamis,3,,,,2,101,201,3331,26.76,25.74,20.61,36.338,36.551,36.717,6.5,5.7,4.7
04,0317,009,B149,50434,26.0132,-85.0040,3331.00,01MAY2016:21:28:50,01MAY2016:21:52:21,23.51,O,01,03,380,Thunnus spp,6,,,,2,101,201,3331,26.76,25.74,20.61,36.338,36.551,36.717,6.5,5.7,4.7
04,0317,009,B149,50434,26.0132,-85.0040,3331.00,01MAY2016:21:28:50,01MAY2016:21:52:21,23.51,O,01,03,380,Thunnus thynnus,0,,,,2,101,201,3331,26.76,25.74,20.61,36.338,36.551,36.717,6.5,5.7,4.7
04,0317,010,B147,50439,25.9987,-84.4915,222.52,02MAY2016:02:16:10,02MAY2016:02:37:25,21.25,O,01,03,309,NO TUNA LARVAE CAUGH,0,,,,2,102,203,224,25.91,20.61,17.53,36.411,36.523,36.36,6.5,5.9,4.3
04,0317,011,B131,50444,26.0120,-84.0050,137.67,02MAY2016:05:27:38,02MAY2016:05:42:08,14.50,O,01,03,214,NO TUNA LARVAE CAUGH,0,,,,3,70,140,142,26.94,23.07,20.01,36.483,36.734,36.431,6.4,5.1,5.9
04,0317,012,B130,50449,25.5023,-83.9913,140.04,02MAY2016:10:01:13,02MAY2016:10:17:13,16.00,O,01,03,232,NO TUNA LARVAE CAUGH,0,,,,2,69,138,139,27.2,23.67,19.61,36.41,36.731,36.617,6.4,5.3,4.7
04,0317,013,B129,50454,25.0145,-84.0033,129.72,02MAY2016:13:36:33,02MAY2016:13:50:52,14.31,O,01,03,232,NO TUNA LARVAE CAUGH,0,,,,3,64,127,128,27.52,26.53,24.14,36.349,36.407,36.722,6.4,6,5.3
04,0317,014,B128,50459,24.5085,-84.0052,2029.60,02MAY2016:18:06:54,02MAY2016:18:26:56,20.03,O,01,03,284,Katsuwonus pelamis,0,,,,2,103,206,2117,28.02,26.6,20.57,36.332,36.351,36.783,6.4,6.2,4.7
04,0317,014,B128,50459,24.5085,-84.0052,2029.60,02MAY2016:18:06:54,02MAY2016:18:26:56,20.03,O,01,03,284,Thunnus spp,1,,,,2,103,206,2117,28.02,26.6,20.57,36.332,36.351,36.783,6.4,6.2,4.7
04,0317,014,B128,50459,24.5085,-84.0052,2029.60,02MAY2016:18:06:54,02MAY2016:18:26:56,20.03,O,01,03,284,Thunnus thynnus,0,,,,2,103,206,2117,28.02,26.6,20.57,36.332,36.351,36.783,6.4,6.2,4.7
04,0317,015,B125,50464,24.5105,-83.5092,269.67,02MAY2016:21:05:46,02MAY2016:21:28:43,22.95,O,01,03,335,Katsuwonus pelamis,1,,,,3,101,201,291,27.87,26.58,11.98,36.336,36.436,35.495,6.3,6.2,3.9
04,0317,015,B125,50464,24.5105,-83.5092,269.67,02MAY2016:21:05:46,02MAY2016:21:28:43,22.95,O,01,03,335,Thunnus spp,22,,,,3,101,201,291,27.87,26.58,11.98,36.336,36.436,35.495,6.3,6.2,3.9
04,0317,015,B125,50464,24.5105,-83.5092,269.67,02MAY2016:21:05:46,02MAY2016:21:28:43,22.95,O,01,03,335,Thunnus thynnus,0,,,,3,101,201,291,27.87,26.58,11.98,36.336,36.436,35.495,6.3,6.2,3.9
04,0317,016,B126,50469,23.9988,-83.4882,1063.51,03MAY2016:01:46:46,03MAY2016:02:07:08,20.36,O,01,03,285,Katsuwonus pelamis,1,,,,2,101,201,1062,27.99,26.92,21.18,36.322,36.273,36.844,6.3,6.2,4.8
04,0317,016,B126,50469,23.9988,-83.4882,1063.51,03MAY2016:01:46:46,03MAY2016:02:07:08,20.36,O,01,03,285,Thunnus spp,0,,,,2,101,201,1062,27.99,26.92,21.18,36.322,36.273,36.844,6.3,6.2,4.8
04,0317,016,B126,50469,23.9988,-83.4882,1063.51,03MAY2016:01:46:46,03MAY2016:02:07:08,20.36,O,01,03,285,Thunnus thynnus,0,,,,2,101,201,1062,27.99,26.92,21.18,36.322,36.273,36.844,6.3,6.2,4.8
04,0317,017,B127,50474,24.0062,-84.0100,2357.71,03MAY2016:05:36:10,03MAY2016:05:58:02,21.86,O,01,03,327,NO TUNA LARVAE CAUGH,0,,,,2,101,201,2402,27.88,26.87,22.8,36.321,36.217,36.889,6.3,6.3,4.9
04,0317,018,B263,50479,24.5047,-84.5077,3419.90,03MAY2016:11:55:51,03MAY2016:12:18:16,22.41,O,01,03,323,Katsuwonus pelamis,0,,2ND ATTEMPT DUE TO HIGH WIRE ANGLE LAST TRY,,2,100,200,3420,28.08,26.94,20.06,36.315,36.286,36.741,6.3,6.1,4.7
04,0317,018,B263,50479,24.5047,-84.5077,3419.90,03MAY2016:11:55:51,03MAY2016:12:18:16,22.41,O,01,03,323,Thunnus spp,3,,2ND ATTEMPT DUE TO HIGH WIRE ANGLE LAST TRY,,2,100,200,3420,28.08,26.94,20.06,36.315,36.286,36.741,6.3,6.1,4.7
04,0317,018,B263,50479,24.5047,-84.5077,3419.90,03MAY2016:11:55:51,03MAY2016:12:18:16,22.41,O,01,03,323,Thunnus thynnus,0,,2ND ATTEMPT DUE TO HIGH WIRE ANGLE LAST TRY,,2,100,200,3420,28.08,26.94,20.06,36.315,36.286,36.741,6.3,6.1,4.7
04,0317,019,B262,50484,24.9970,-84.4970,1999.10,03MAY2016:15:09:28,03MAY2016:15:33:45,24.28,O,01,03,390,NO TUNA LARVAE CAUGH,0,,,,2,100,199,2155,28.11,24.28,17.63,36.323,36.737,36.432,6.3,5.2,5
04,0317,020,B007,50489,25.0142,-84.9978,3349.00,03MAY2016:20:19:23,03MAY2016:20:43:26,24.05,O,01,03,417,Katsuwonus pelamis,0,,,,2,100,200,3349,28.57,21.22,17,36.395,36.821,36.318,6.4,4.8,4.8
04,0317,020,B007,50489,25.0142,-84.9978,3349.00,03MAY2016:20:19:23,03MAY2016:20:43:26,24.05,O,01,03,417,Thunnus spp,3,,,,2,100,200,3349,28.57,21.22,17,36.395,36.821,36.318,6.4,4.8,4.8
04,0317,020,B007,50489,25.0142,-84.9978,3349.00,03MAY2016:20:19:23,03MAY2016:20:43:26,24.05,O,01,03,417,Thunnus thynnus,0,,,,2,100,200,3349,28.57,21.22,17,36.395,36.821,36.318,6.4,4.8,4.8
04,0317,021,B072,50494,24.4908,-85.0083,3389.00,04MAY2016:01:05:13,04MAY2016:01:28:22,23.15,O,01,03,431,Katsuwonus pelamis,1,,,,2,101,201,3389,28.39,23.04,16.95,36.346,36.725,36.314,6.2,5.1,4.8
04,0317,021,B072,50494,24.4908,-85.0083,3389.00,04MAY2016:01:05:13,04MAY2016:01:28:22,23.15,O,01,03,431,Thunnus spp,4,,,,2,101,201,3389,28.39,23.04,16.95,36.346,36.725,36.314,6.2,5.1,4.8
04,0317,021,B072,50494,24.4908,-85.0083,3389.00,04MAY2016:01:05:13,04MAY2016:01:28:22,23.15,O,01,03,431,Thunnus thynnus,0,,,,2,101,201,3389,28.39,23.04,16.95,36.346,36.725,36.314,6.2,5.1,4.8
04,0317,022,B266,50499,24.6785,-85.5058,3374.50,04MAY2016:05:56:55,04MAY2016:06:17:35,20.66,O,01,03,299,Katsuwonus pelamis,1,,,,2,101,201,3374,27.45,18.87,15.81,36.46,36.578,36.11,6.4,4.7,4.5
04,0317,022,B266,50499,24.6785,-85.5058,3374.50,04MAY2016:05:56:55,04MAY2016:06:17:35,20.66,O,01,03,299,Thunnus spp,0,,,,2,101,201,3374,27.45,18.87,15.81,36.46,36.578,36.11,6.4,4.7,4.5
04,0317,022,B266,50499,24.6785,-85.5058,3374.50,04MAY2016:05:56:55,04MAY2016:06:17:35,20.66,O,01,03,299,Thunnus thynnus,0,,,,2,101,201,3374,27.45,18.87,15.81,36.46,36.578,36.11,6.4,4.7,4.5
04,0317,023,B261,50504,25.0122,-85.4953,3301.30,04MAY2016:08:35:20,04MAY2016:08:56:49,21.48,O,01,03,304,Katsuwonus pelamis,0,,,,2,101,201,3301,27.47,19.68,16.17,36.465,36.592,36.171,6.4,4.8,4.6
04,0317,023,B261,50504,25.0122,-85.4953,3301.30,04MAY2016:08:35:20,04MAY2016:08:56:49,21.48,O,01,03,304,Thunnus spp,2,,,,2,101,201,3301,27.47,19.68,16.17,36.465,36.592,36.171,6.4,4.8,4.6
04,0317,023,B261,50504,25.0122,-85.4953,3301.30,04MAY2016:08:35:20,04MAY2016:08:56:49,21.48,O,01,03,304,Thunnus thynnus,0,,,,2,101,201,3301,27.47,19.68,16.17,36.465,36.592,36.171,6.4,4.8,4.6
04,0317,024,B008,50509,24.9992,-86.0193,3292.20,04MAY2016:15:57:33,04MAY2016:16:16:19,18.76,O,01,03,236,Katsuwonus pelamis,4,,,,2,101,201,3292,26.94,22.61,17.58,36.182,36.771,36.398,6.4,5,4.7
04,0317,024,B008,50509,24.9992,-86.0193,3292.20,04MAY2016:15:57:33,04MAY2016:16:16:19,18.76,O,01,03,236,Thunnus spp,2,,,,2,101,201,3292,26.94,22.61,17.58,36.182,36.771,36.398,6.4,5,4.7
04,0317,024,B008,50509,24.9992,-86.0193,3292.20,04MAY2016:15:57:33,04MAY2016:16:16:19,18.76,O,01,03,236,Thunnus thynnus,0,,,,2,101,201,3292,26.94,22.61,17.58,36.182,36.771,36.398,6.4,5,4.7
04,0317,025,B270,50514,25.4878,-86.4595,3230.00,04MAY2016:20:21:18,04MAY2016:20:41:19,20.01,O,01,03,280,Thunnus thynnus,0,,,,3,102,203,3230,26.84,25.77,24.53,36.267,36.284,36.814,6.3,6.3,5
04,0317,025,B270,50514,25.4878,-86.4595,3230.00,04MAY2016:20:21:18,04MAY2016:20:41:19,20.01,O,01,03,280,Katsuwonus pelamis,0,,,,3,102,203,3230,26.84,25.77,24.53,36.267,36.284,36.814,6.3,6.3,5
04,0317,025,B270,50514,25.4878,-86.4595,3230.00,04MAY2016:20:21:18,04MAY2016:20:41:19,20.01,O,01,03,280,Thunnus spp,1,,,,3,102,203,3230,26.84,25.77,24.53,36.267,36.284,36.814,6.3,6.3,5
04,0317,026,B074,50516,25.4987,-86.0165,3200.80,05MAY2016:13:24:24,05MAY2016:13:44:35,20.18,O,01,03,292,Katsuwonus pelamis,1,,,,3,101,202,3201,26.54,26.14,22.52,36.329,36.312,36.893,6.4,6.3,4.9
04,0317,026,B074,50516,25.4987,-86.0165,3200.80,05MAY2016:13:24:24,05MAY2016:13:44:35,20.18,O,01,03,292,Thunnus spp,2,,,,3,101,202,3201,26.54,26.14,22.52,36.329,36.312,36.893,6.4,6.3,4.9
04,0317,026,B074,50516,25.4987,-86.0165,3200.80,05MAY2016:13:24:24,05MAY2016:13:44:35,20.18,O,01,03,292,Thunnus thynnus,0,,,,3,101,202,3201,26.54,26.14,22.52,36.329,36.312,36.893,6.4,6.3,4.9
04,0317,027,B006,50521,25.9998,-85.9990,3230.00,05MAY2016:18:33:52,05MAY2016:18:55:30,21.63,O,01,03,328,NO TUNA LARVAE CAUGH,0,,,,2,101,201,3230,26.42,25.89,25.62,36.3,36.285,36.537,6.4,6.4,5.5
04,0317,028,B077,50526,26.4853,-85.9993,3230.00,05MAY2016:22:20:21,05MAY2016:22:40:47,20.43,O,01,03,296,Katsuwonus pelamis,3,,,,2,102,203,3230,26.55,25.73,24.22,36.222,36.283,36.832,6.5,6.4,5.1
04,0317,028,B077,50526,26.4853,-85.9993,3230.00,05MAY2016:22:20:21,05MAY2016:22:40:47,20.43,O,01,03,296,Thunnus spp,6,,,,2,102,203,3230,26.55,25.73,24.22,36.222,36.283,36.832,6.5,6.4,5.1
04,0317,028,B077,50526,26.4853,-85.9993,3230.00,05MAY2016:22:20:21,05MAY2016:22:40:47,20.43,O,01,03,296,Thunnus thynnus,0,,,,2,102,203,3230,26.55,25.73,24.22,36.222,36.283,36.832,6.5,6.4,5.1
04,0317,029,B005,50530,26.9942,-86.0087,3203.00,06MAY2016:03:10:36,06MAY2016:03:31:33,20.95,O,01,03,294,NO TUNA LARVAE CAUGH,0,,,,2,100,200,3203,26.53,24.92,18.81,36.41,36.429,36.545,6.4,6.3,4.4
04,0317,030,B078,50535,27.4892,-86.0100,3237.30,06MAY2016:06:46:23,06MAY2016:07:08:01,21.63,O,01,03,322,Katsuwonus pelamis,1,,,,2,101,202,3237,24.64,18.39,13.6,36.266,36.405,35.736,6.6,4.3,4.1
04,0317,030,B078,50535,27.4892,-86.0100,3237.30,06MAY2016:06:46:23,06MAY2016:07:08:01,21.63,O,01,03,322,Thunnus spp,0,,,,2,101,202,3237,24.64,18.39,13.6,36.266,36.405,35.736,6.6,4.3,4.1
04,0317,030,B078,50535,27.4892,-86.0100,3237.30,06MAY2016:06:46:23,06MAY2016:07:08:01,21.63,O,01,03,322,Thunnus thynnus,0,,,,2,101,202,3237,24.64,18.39,13.6,36.266,36.405,35.736,6.6,4.3,4.1
04,0317,031,B163,50540,28.0117,-86.0127,1022.20,06MAY2016:11:14:50,06MAY2016:11:35:52,21.03,O,01,03,311,Katsuwonus pelamis,3,,,,2,100,200,1006,25.86,20.06,14.71,36.467,36.568,35.93,6.4,4.5,4.1
04,0317,031,B163,50540,28.0117,-86.0127,1022.20,06MAY2016:11:14:50,06MAY2016:11:35:52,21.03,O,01,03,311,Thunnus spp,1,,,,2,100,200,1006,25.86,20.06,14.71,36.467,36.568,35.93,6.4,4.5,4.1
04,0317,031,B163,50540,28.0117,-86.0127,1022.20,06MAY2016:11:14:50,06MAY2016:11:35:52,21.03,O,01,03,311,Thunnus thynnus,0,,,,2,100,200,1006,25.86,20.06,14.71,36.467,36.568,35.93,6.4,4.5,4.1
04,0317,032,B164,50545,28.4977,-85.9935,346.50,06MAY2016:15:18:21,06MAY2016:15:38:49,20.46,O,01,03,304,Katsuwonus pelamis,0,,LOST ENTIRE RIGHT COD END ON FIRST TOW SO DID IT AGAIN,,2,102,203,346,25.84,21.1,16.35,36.486,36.471,36.182,6.5,5.8,4.1
04,0317,032,B164,50545,28.4977,-85.9935,346.50,06MAY2016:15:18:21,06MAY2016:15:38:49,20.46,O,01,03,304,Thunnus spp,1,,LOST ENTIRE RIGHT COD END ON FIRST TOW SO DID IT AGAIN,,2,102,203,346,25.84,21.1,16.35,36.486,36.471,36.182,6.5,5.8,4.1
04,0317,032,B164,50545,28.4977,-85.9935,346.50,06MAY2016:15:18:21,06MAY2016:15:38:49,20.46,O,01,03,304,Thunnus thynnus,0,,LOST ENTIRE RIGHT COD END ON FIRST TOW SO DID IT AGAIN,,2,102,203,346,25.84,21.1,16.35,36.486,36.471,36.182,6.5,5.8,4.1
04,0317,033,B170,50550,29.0062,-86.4968,391.23,06MAY2016:20:45:53,06MAY2016:21:07:03,21.16,O,01,03,307,NO TUNA LARVAE CAUGH,0,,,,2,102,203,389,24.8,20.96,16.69,36.408,36.512,36.258,6.6,5.3,4.6
04,0317,034,B002,50555,28.9838,-87.0052,722.19,07MAY2016:00:00:31,07MAY2016:00:22:33,22.03,O,01,03,315,Katsuwonus pelamis,0,,,,2,101,201,706,24.7,20.9,15.95,36.41,36.529,36.127,6.7,5,4.3
04,0317,034,B002,50555,28.9838,-87.0052,722.19,07MAY2016:00:00:31,07MAY2016:00:22:33,22.03,O,01,03,315,Thunnus spp,7,,,,2,101,201,706,24.7,20.9,15.95,36.41,36.529,36.127,6.7,5,4.3
04,0317,034,B002,50555,28.9838,-87.0052,722.19,07MAY2016:00:00:31,07MAY2016:00:22:33,22.03,O,01,03,315,Thunnus thynnus,0,,,,2,101,201,706,24.7,20.9,15.95,36.41,36.529,36.127,6.7,5,4.3
04,0317,035,B080,50560,28.5043,-87.0148,900.28,07MAY2016:05:00:19,07MAY2016:05:21:40,21.35,O,01,03,317,Katsuwonus pelamis,0,,,,2,101,201,905,25.18,18.72,13.17,36.374,36.499,35.668,6.5,4.3,4
04,0317,035,B080,50560,28.5043,-87.0148,900.28,07MAY2016:05:00:19,07MAY2016:05:21:40,21.35,O,01,03,317,Thunnus spp,0,,,,2,101,201,905,25.18,18.72,13.17,36.374,36.499,35.668,6.5,4.3,4
04,0317,035,B080,50560,28.5043,-87.0148,900.28,07MAY2016:05:00:19,07MAY2016:05:21:40,21.35,O,01,03,317,Thunnus thynnus,2,,,,2,101,201,905,25.18,18.72,13.17,36.374,36.499,35.668,6.5,4.3,4
04,0317,036,B003,50565,28.0118,-87.0067,2813.00,07MAY2016:08:30:04,07MAY2016:08:50:48,20.73,O,01,03,301,NO TUNA LARVAE CAUGH,0,,,,2,101,201,2813,24.45,18.63,11.18,36.365,36.37,35.381,6.7,4.5,4
04,0317,037,B079,50570,27.4980,-87.0115,3047.10,07MAY2016:13:10:40,07MAY2016:13:35:11,24.51,O,01,03,426,Katsuwonus pelamis,1,,THIS IS THE REAL STANDARD BONGO EVENT FOR THIS STATION,,2,100,200,3047,25.61,21.05,14.9,36.452,36.535,35.956,6.5,5.3,4.2
04,0317,037,B079,50570,27.4980,-87.0115,3047.10,07MAY2016:13:10:40,07MAY2016:13:35:11,24.51,O,01,03,426,Thunnus spp,0,,THIS IS THE REAL STANDARD BONGO EVENT FOR THIS STATION,,2,100,200,3047,25.61,21.05,14.9,36.452,36.535,35.956,6.5,5.3,4.2
04,0317,037,B079,50570,27.4980,-87.0115,3047.10,07MAY2016:13:10:40,07MAY2016:13:35:11,24.51,O,01,03,426,Thunnus thynnus,0,,THIS IS THE REAL STANDARD BONGO EVENT FOR THIS STATION,,2,100,200,3047,25.61,21.05,14.9,36.452,36.535,35.956,6.5,5.3,4.2
04,0317,038,B004,50575,27.0002,-87.0103,2946.00,07MAY2016:18:13:42,07MAY2016:18:34:49,21.11,O,01,03,301,NO TUNA LARVAE CAUGH,0,,,,2,101,202,2946,26.5,25.67,21.89,36.346,36.28,36.88,6.5,6.2,4.8
04,0317,039,B076,50580,26.5077,-87.0015,2946.00,07MAY2016:23:41:27,08MAY2016:00:00:02,18.58,O,01,03,255,Katsuwonus pelamis,0,,,,2,101,201,2946,26.36,25.78,25.45,36.321,36.267,36.595,6.4,6.4,5.4
04,0317,039,B076,50580,26.5077,-87.0015,2946.00,07MAY2016:23:41:27,08MAY2016:00:00:02,18.58,O,01,03,255,Thunnus spp,3,,,,2,101,201,2946,26.36,25.78,25.45,36.321,36.267,36.595,6.4,6.4,5.4
04,0317,039,B076,50580,26.5077,-87.0015,2946.00,07MAY2016:23:41:27,08MAY2016:00:00:02,18.58,O,01,03,255,Thunnus thynnus,0,,,,2,101,201,2946,26.36,25.78,25.45,36.321,36.267,36.595,6.4,6.4,5.4
04,0317,040,B009,50585,26.2845,-87.0167,3093.00,08MAY2016:01:58:37,08MAY2016:02:19:35,20.96,O,01,03,283,NO TUNA LARVAE CAUGH,0,,,,2,101,201,3093,26.39,25.91,25.65,36.316,36.272,36.41,6.5,6.3,5.8
04,0317,041,B273,50590,26.0057,-87.4943,3145.90,08MAY2016:07:38:26,08MAY2016:07:57:41,19.25,O,01,03,262,Katsuwonus pelamis,2,,,,3,101,201,3146,26.24,25.76,25.58,36.295,36.265,36.286,6.5,6.4,6.1
04,0317,041,B273,50590,26.0057,-87.4943,3145.90,08MAY2016:07:38:26,08MAY2016:07:57:41,19.25,O,01,03,262,Thunnus spp,2,,,,3,101,201,3146,26.24,25.76,25.58,36.295,36.265,36.286,6.5,6.4,6.1
04,0317,041,B273,50590,26.0057,-87.4943,3145.90,08MAY2016:07:38:26,08MAY2016:07:57:41,19.25,O,01,03,262,Thunnus thynnus,0,,,,3,101,201,3146,26.24,25.76,25.58,36.295,36.265,36.286,6.5,6.4,6.1
04,0317,042,B010,50595,25.9857,-87.9997,3008.70,08MAY2016:11:45:41,08MAY2016:12:05:18,19.61,O,01,03,282,Katsuwonus pelamis,2,,,,2,101,201,3009,26.38,25.96,24.65,36.324,36.282,36.802,6.4,6.3,5.1
04,0317,042,B010,50595,25.9857,-87.9997,3008.70,08MAY2016:11:45:41,08MAY2016:12:05:18,19.61,O,01,03,282,Thunnus spp,0,,,,2,101,201,3009,26.38,25.96,24.65,36.324,36.282,36.802,6.4,6.3,5.1
04,0317,042,B010,50595,25.9857,-87.9997,3008.70,08MAY2016:11:45:41,08MAY2016:12:05:18,19.61,O,01,03,282,Thunnus thynnus,0,,,,2,101,201,3009,26.38,25.96,24.65,36.324,36.282,36.802,6.4,6.3,5.1
04,0317,043,B066,50600,26.5125,-87.9890,2706.90,08MAY2016:16:29:55,08MAY2016:16:50:56,21.01,O,01,03,296,Katsuwonus pelamis,8,,,,2,101,201,2707,26.48,25.94,23.73,36.342,36.277,36.875,6.4,6.3,5
04,0317,043,B066,50600,26.5125,-87.9890,2706.90,08MAY2016:16:29:55,08MAY2016:16:50:56,21.01,O,01,03,296,Thunnus spp,0,,,,2,101,201,2707,26.48,25.94,23.73,36.342,36.277,36.875,6.4,6.3,5
04,0317,043,B066,50600,26.5125,-87.9890,2706.90,08MAY2016:16:29:55,08MAY2016:16:50:56,21.01,O,01,03,296,Thunnus thynnus,0,,,,2,101,201,2707,26.48,25.94,23.73,36.342,36.277,36.875,6.4,6.3,5
04,0317,044,B011,50605,26.9848,-87.9978,2745.00,08MAY2016:20:11:27,08MAY2016:20:34:31,23.06,O,01,03,348,Katsuwonus pelamis,6,,,,3,102,203,2745,26.71,25.52,20.85,36.364,36.517,36.677,6.4,5.5,4.8
04,0317,044,B011,50605,26.9848,-87.9978,2745.00,08MAY2016:20:11:27,08MAY2016:20:34:31,23.06,O,01,03,348,Thunnus spp,1,,,,3,102,203,2745,26.71,25.52,20.85,36.364,36.517,36.677,6.4,5.5,4.8
04,0317,044,B011,50605,26.9848,-87.9978,2745.00,08MAY2016:20:11:27,08MAY2016:20:34:31,23.06,O,01,03,348,Thunnus thynnus,0,,,,3,102,203,2745,26.71,25.52,20.85,36.364,36.517,36.677,6.4,5.5,4.8
04,0317,045,B288,50610,26.9993,-88.5032,2654.00,09MAY2016:01:45:29,09MAY2016:02:05:59,20.50,O,01,03,305,Katsuwonus pelamis,2,,,,2,101,201,2654,26.56,22.35,17.08,36.518,36.486,36.302,6.4,5.8,4.4
04,0317,045,B288,50610,26.9993,-88.5032,2654.00,09MAY2016:01:45:29,09MAY2016:02:05:59,20.50,O,01,03,305,Thunnus spp,2,,,,2,101,201,2654,26.56,22.35,17.08,36.518,36.486,36.302,6.4,5.8,4.4
04,0317,045,B288,50610,26.9993,-88.5032,2654.00,09MAY2016:01:45:29,09MAY2016:02:05:59,20.50,O,01,03,305,Thunnus thynnus,0,,,,2,101,201,2654,26.56,22.35,17.08,36.518,36.486,36.302,6.4,5.8,4.4
04,0317,046,B012,50615,27.0152,-88.9988,2422.81,09MAY2016:05:53:00,09MAY2016:06:13:16,20.26,O,01,03,268,Katsuwonus pelamis,3,,,,2,101,201,2448,25.83,21,16.24,36.48,36.505,36.162,6.4,5.2,4.2
04,0317,046,B012,50615,27.0152,-88.9988,2422.81,09MAY2016:05:53:00,09MAY2016:06:13:16,20.26,O,01,03,268,Thunnus spp,1,,,,2,101,201,2448,25.83,21,16.24,36.48,36.505,36.162,6.4,5.2,4.2
04,0317,046,B012,50615,27.0152,-88.9988,2422.81,09MAY2016:05:53:00,09MAY2016:06:13:16,20.26,O,01,03,268,Thunnus thynnus,0,,,,2,101,201,2448,25.83,21,16.24,36.48,36.505,36.162,6.4,5.2,4.2
04,0317,047,B063,50620,26.5062,-89.0050,2867.90,09MAY2016:11:04:04,09MAY2016:11:23:41,19.61,O,01,03,272,Katsuwonus pelamis,0,,,,3,101,202,2868,25.34,21.3,16.44,36.4,36.457,36.195,6.5,5.9,4.3
04,0317,047,B063,50620,26.5062,-89.0050,2867.90,09MAY2016:11:04:04,09MAY2016:11:23:41,19.61,O,01,03,272,Thunnus spp,1,,,,3,101,202,2868,25.34,21.3,16.44,36.4,36.457,36.195,6.5,5.9,4.3
04,0317,047,B063,50620,26.5062,-89.0050,2867.90,09MAY2016:11:04:04,09MAY2016:11:23:41,19.61,O,01,03,272,Thunnus thynnus,0,,,,3,101,202,2868,25.34,21.3,16.44,36.4,36.457,36.195,6.5,5.9,4.3
04,0317,048,B013,50625,26.0150,-89.0000,3109.30,09MAY2016:15:47:55,09MAY2016:16:06:43,18.80,O,01,03,256,NO TUNA LARVAE CAUGH,0,,,,2,103,205,3109,25.39,21.38,16.45,36.439,36.435,36.185,6.6,6.5,4.2
04,0317,049,B291,50630,26.0003,-89.4960,3294.00,09MAY2016:20:34:57,09MAY2016:20:55:47,20.83,O,01,03,286,Katsuwonus pelamis,1,,,,3,101,202,3294,25.56,20.23,14.88,36.358,36.527,35.934,6.6,4.2,4
04,0317,049,B291,50630,26.0003,-89.4960,3294.00,09MAY2016:20:34:57,09MAY2016:20:55:47,20.83,O,01,03,286,Thunnus spp,0,,,,3,101,202,3294,25.56,20.23,14.88,36.358,36.527,35.934,6.6,4.2,4
04,0317,049,B291,50630,26.0003,-89.4960,3294.00,09MAY2016:20:34:57,09MAY2016:20:55:47,20.83,O,01,03,286,Thunnus thynnus,0,,,,3,101,202,3294,25.56,20.23,14.88,36.358,36.527,35.934,6.6,4.2,4
04,0317,050,B014,50635,26.0147,-89.9963,2909.00,10MAY2016:00:36:16,10MAY2016:00:57:46,21.50,O,01,03,308,Katsuwonus pelamis,0,,,,2,102,203,2909,25.19,19.73,15.15,36.345,36.548,35.986,6.6,4.2,4.1
04,0317,050,B014,50635,26.0147,-89.9963,2909.00,10MAY2016:00:36:16,10MAY2016:00:57:46,21.50,O,01,03,308,Thunnus spp,0,,,,2,102,203,2909,25.19,19.73,15.15,36.345,36.548,35.986,6.6,4.2,4.1
04,0317,050,B014,50635,26.0147,-89.9963,2909.00,10MAY2016:00:36:16,10MAY2016:00:57:46,21.50,O,01,03,308,Thunnus thynnus,1,,,,2,102,203,2909,25.19,19.73,15.15,36.345,36.548,35.986,6.6,4.2,4.1
04,0317,051,B062,50640,26.4948,-90.0035,2853.20,10MAY2016:06:16:21,10MAY2016:06:33:53,17.53,O,01,03,251,Katsuwonus pelamis,0,,,,2,101,201,2853,25.32,20.54,15.54,36.419,36.532,36.038,6.6,4.7,4
04,0317,051,B062,50640,26.4948,-90.0035,2853.20,10MAY2016:06:16:21,10MAY2016:06:33:53,17.53,O,01,03,251,Thunnus spp,1,,,,2,101,201,2853,25.32,20.54,15.54,36.419,36.532,36.038,6.6,4.7,4
04,0317,051,B062,50640,26.4948,-90.0035,2853.20,10MAY2016:06:16:21,10MAY2016:06:33:53,17.53,O,01,03,251,Thunnus thynnus,0,,,,2,101,201,2853,25.32,20.54,15.54,36.419,36.532,36.038,6.6,4.7,4
04,0317,052,B015,50645,27.0157,-89.9972,2459.72,10MAY2016:10:24:41,10MAY2016:10:43:32,18.85,O,01,03,259,Katsuwonus pelamis,2,,,,2,102,203,2495,25.72,20.6,15.43,36.53,36.594,36.037,6.4,4.5,4.3
04,0317,052,B015,50645,27.0157,-89.9972,2459.72,10MAY2016:10:24:41,10MAY2016:10:43:32,18.85,O,01,03,259,Thunnus spp,5,,,,2,102,203,2495,25.72,20.6,15.43,36.53,36.594,36.037,6.4,4.5,4.3
04,0317,052,B015,50645,27.0157,-89.9972,2459.72,10MAY2016:10:24:41,10MAY2016:10:43:32,18.85,O,01,03,259,Thunnus thynnus,2,,,,2,102,203,2495,25.72,20.6,15.43,36.53,36.594,36.037,6.4,4.5,4.3
04,0317,053,B296,50650,26.9970,-90.4902,1622.15,10MAY2016:15:07:25,10MAY2016:15:27:59,20.56,O,01,03,291,Katsuwonus pelamis,0,,,,2,101,202,1597,24.64,19.98,15.6,36.24,36.498,36.061,6.7,4.6,4
04,0317,053,B296,50650,26.9970,-90.4902,1622.15,10MAY2016:15:07:25,10MAY2016:15:27:59,20.56,O,01,03,291,Thunnus spp,0,,,,2,101,202,1597,24.64,19.98,15.6,36.24,36.498,36.061,6.7,4.6,4
04,0317,053,B296,50650,26.9970,-90.4902,1622.15,10MAY2016:15:07:25,10MAY2016:15:27:59,20.56,O,01,03,291,Thunnus thynnus,8,,,,2,101,202,1597,24.64,19.98,15.6,36.24,36.498,36.061,6.7,4.6,4
04,0317,054,B018,50655,27.0140,-91.0002,1669.66,10MAY2016:19:03:31,10MAY2016:19:25:13,21.70,O,01,03,317,Katsuwonus pelamis,0,,,,2,101,201,1764,24.71,19.48,15.18,36.239,36.569,35.989,6.7,4.6,4.1
04,0317,054,B018,50655,27.0140,-91.0002,1669.66,10MAY2016:19:03:31,10MAY2016:19:25:13,21.70,O,01,03,317,Thunnus spp,0,,,,2,101,201,1764,24.71,19.48,15.18,36.239,36.569,35.989,6.7,4.6,4.1
04,0317,054,B018,50655,27.0140,-91.0002,1669.66,10MAY2016:19:03:31,10MAY2016:19:25:13,21.70,O,01,03,317,Thunnus thynnus,10,,,,2,101,201,1764,24.71,19.48,15.18,36.239,36.569,35.989,6.7,4.6,4.1
04,0317,055,B059,50660,26.5063,-90.9922,2198.93,11MAY2016:00:47:05,11MAY2016:01:08:34,21.48,O,01,03,315,Katsuwonus pelamis,0,,,,2,102,203,2162,24.91,19.6,14.98,36.232,36.49,35.96,6.6,4.5,4.2
04,0317,055,B059,50660,26.5063,-90.9922,2198.93,11MAY2016:00:47:05,11MAY2016:01:08:34,21.48,O,01,03,315,Thunnus spp,0,,,,2,102,203,2162,24.91,19.6,14.98,36.232,36.49,35.96,6.6,4.5,4.2
04,0317,055,B059,50660,26.5063,-90.9922,2198.93,11MAY2016:00:47:05,11MAY2016:01:08:34,21.48,O,01,03,315,Thunnus thynnus,1,,,,2,102,203,2162,24.91,19.6,14.98,36.232,36.49,35.96,6.6,4.5,4.2
04,0317,056,B019,50665,26.0110,-91.0115,2706.90,11MAY2016:05:15:18,11MAY2016:05:36:52,21.56,O,01,03,304,Katsuwonus pelamis,0,,FATHOMS SEACAT TIMED OUT 85M DOWN SO USED WIRE OUT AND WIRE ANGLE,,2,101,201,2707,24.59,19.81,15.13,36.208,36.493,35.986,6.7,4.5,4
04,0317,056,B019,50665,26.0110,-91.0115,2706.90,11MAY2016:05:15:18,11MAY2016:05:36:52,21.56,O,01,03,304,Thunnus spp,2,,FATHOMS SEACAT TIMED OUT 85M DOWN SO USED WIRE OUT AND WIRE ANGLE,,2,101,201,2707,24.59,19.81,15.13,36.208,36.493,35.986,6.7,4.5,4
04,0317,056,B019,50665,26.0110,-91.0115,2706.90,11MAY2016:05:15:18,11MAY2016:05:36:52,21.56,O,01,03,304,Thunnus thynnus,0,,FATHOMS SEACAT TIMED OUT 85M DOWN SO USED WIRE OUT AND WIRE ANGLE,,2,101,201,2707,24.59,19.81,15.13,36.208,36.493,35.986,6.7,4.5,4
04,0317,057,B299,50670,25.9965,-91.4998,2413.39,11MAY2016:12:11:59,11MAY2016:12:35:04,23.08,O,01,03,333,Katsuwonus pelamis,1,,,,2,101,201,2379,24.35,19.62,14.88,35.413,36.482,35.947,6.7,4.6,4.2
04,0317,057,B299,50670,25.9965,-91.4998,2413.39,11MAY2016:12:11:59,11MAY2016:12:35:04,23.08,O,01,03,333,Thunnus spp,2,,,,2,101,201,2379,24.35,19.62,14.88,35.413,36.482,35.947,6.7,4.6,4.2
04,0317,057,B299,50670,25.9965,-91.4998,2413.39,11MAY2016:12:11:59,11MAY2016:12:35:04,23.08,O,01,03,333,Thunnus thynnus,0,,,,2,101,201,2379,24.35,19.62,14.88,35.413,36.482,35.947,6.7,4.6,4.2
04,0317,058,B020,50675,26.0093,-92.0113,2484.50,11MAY2016:16:24:43,11MAY2016:16:44:22,19.65,O,01,03,318,Katsuwonus pelamis,0,,,,2,100,200,2483,24.98,21.36,17.72,36.442,36.449,36.392,6.6,6.2,4.3
04,0317,058,B020,50675,26.0093,-92.0113,2484.50,11MAY2016:16:24:43,11MAY2016:16:44:22,19.65,O,01,03,318,Thunnus spp,1,,,,2,100,200,2483,24.98,21.36,17.72,36.442,36.449,36.392,6.6,6.2,4.3
04,0317,058,B020,50675,26.0093,-92.0113,2484.50,11MAY2016:16:24:43,11MAY2016:16:44:22,19.65,O,01,03,318,Thunnus thynnus,12,,,,2,100,200,2483,24.98,21.36,17.72,36.442,36.449,36.392,6.6,6.2,4.3
04,0317,059,B058,50680,26.4955,-91.9913,1931.43,19MAY2016:01:09:09,19MAY2016:01:32:18,23.15,O,01,03,344,Katsuwonus pelamis,0,,,,2,101,201,1905,26.36,21.16,15.94,35.882,36.448,36.106,6.6,6.3,4
04,0317,059,B058,50680,26.4955,-91.9913,1931.43,19MAY2016:01:09:09,19MAY2016:01:32:18,23.15,O,01,03,344,Thunnus spp,2,,,,2,101,201,1905,26.36,21.16,15.94,35.882,36.448,36.106,6.6,6.3,4
04,0317,059,B058,50680,26.4955,-91.9913,1931.43,19MAY2016:01:09:09,19MAY2016:01:32:18,23.15,O,01,03,344,Thunnus thynnus,4,,,,2,101,201,1905,26.36,21.16,15.94,35.882,36.448,36.106,6.6,6.3,4
04,0317,060,B021,50685,27.0097,-92.0105,1442.67,19MAY2016:05:56:29,19MAY2016:06:16:19,19.83,O,01,03,276,NO TUNA LARVAE CAUGH,0,,,,2,102,203,1469,25.64,19.93,15.54,35.967,36.528,36.052,6.7,4.5,4.4
04,0317,061,B304,50690,26.9978,-92.5003,1393.37,19MAY2016:11:11:21,19MAY2016:11:31:03,19.70,O,01,03,298,Katsuwonus pelamis,0,,,,2,102,203,1445,26.19,21.55,17.19,34.685,36.45,36.296,6.6,5.6,4.1
04,0317,061,B304,50690,26.9978,-92.5003,1393.37,19MAY2016:11:11:21,19MAY2016:11:31:03,19.70,O,01,03,298,Thunnus spp,2,,,,2,102,203,1445,26.19,21.55,17.19,34.685,36.45,36.296,6.6,5.6,4.1
04,0317,061,B304,50690,26.9978,-92.5003,1393.37,19MAY2016:11:11:21,19MAY2016:11:31:03,19.70,O,01,03,298,Thunnus thynnus,3,,,,2,102,203,1445,26.19,21.55,17.19,34.685,36.45,36.296,6.6,5.6,4.1
04,0317,062,B024,50695,27.0125,-93.0095,1415.98,19MAY2016:15:09:32,19MAY2016:15:30:25,20.88,O,01,03,300,Katsuwonus pelamis,0,,,,3,101,202,1270,25.84,22.76,17.86,36.29,36.396,36.37,6.6,6.2,3.9
04,0317,062,B024,50695,27.0125,-93.0095,1415.98,19MAY2016:15:09:32,19MAY2016:15:30:25,20.88,O,01,03,300,Thunnus spp,3,,,,3,101,202,1270,25.84,22.76,17.86,36.29,36.396,36.37,6.6,6.2,3.9
04,0317,062,B024,50695,27.0125,-93.0095,1415.98,19MAY2016:15:09:32,19MAY2016:15:30:25,20.88,O,01,03,300,Thunnus thynnus,0,,,,3,101,202,1270,25.84,22.76,17.86,36.29,36.396,36.37,6.6,6.2,3.9
04,0317,063,B055,50700,26.4975,-92.9957,1786.52,19MAY2016:20:22:20,19MAY2016:20:43:50,21.50,O,01,03,305,NO TUNA LARVAE CAUGH,1,Thunnus spp?,NO SEACAT USED ON THIS TOW BONGO BOTTOM NOT PRESSED Right bongo accidentally preserved in formalin,,2,101,202,1784,26.37,22.89,18.35,36.445,36.457,36.421,6.6,6.4,3.9
04,0317,063,B055,50700,26.4975,-92.9957,1786.52,19MAY2016:20:22:20,19MAY2016:20:43:50,21.50,O,01,03,305,Katsuwonus pelamis,0,,NO SEACAT USED ON THIS TOW BONGO BOTTOM NOT PRESSED Right bongo accidentally preserved in formalin,,2,101,202,1784,26.37,22.89,18.35,36.445,36.457,36.421,6.6,6.4,3.9
04,0317,063,B055,50700,26.4975,-92.9957,1786.52,19MAY2016:20:22:20,19MAY2016:20:43:50,21.50,O,01,03,305,Thunnus spp,0,,NO SEACAT USED ON THIS TOW BONGO BOTTOM NOT PRESSED Right bongo accidentally preserved in formalin,,2,101,202,1784,26.37,22.89,18.35,36.445,36.457,36.421,6.6,6.4,3.9
04,0317,063,B055,50700,26.4975,-92.9957,1786.52,19MAY2016:20:22:20,19MAY2016:20:43:50,21.50,O,01,03,305,Thunnus thynnus,0,,NO SEACAT USED ON THIS TOW BONGO BOTTOM NOT PRESSED Right bongo accidentally preserved in formalin,,2,101,202,1784,26.37,22.89,18.35,36.445,36.457,36.421,6.6,6.4,3.9
04,0317,064,B025,50705,26.2968,-93.0080,1960.20,19MAY2016:22:57:33,19MAY2016:23:17:25,19.86,O,01,03,290,NO TUNA LARVAE CAUGH,0,,,,2,102,203,1944,26.49,22.99,19.04,36.351,36.463,36.524,6.5,6.6,4.1
04,0317,065,B307,50710,26.0098,-93.4962,2286.25,20MAY2016:04:11:15,20MAY2016:04:30:08,18.88,O,01,03,274,Katsuwonus pelamis,1,,No SeaCat,,2,101,201,3085,26.99,21.88,17.27,36.164,36.404,36.312,6.5,6.2,4.1
04,0317,065,B307,50710,26.0098,-93.4962,2286.25,20MAY2016:04:11:15,20MAY2016:04:30:08,18.88,O,01,03,274,Thunnus spp,1,,No SeaCat,,2,101,201,3085,26.99,21.88,17.27,36.164,36.404,36.312,6.5,6.2,4.1
04,0317,065,B307,50710,26.0098,-93.4962,2286.25,20MAY2016:04:11:15,20MAY2016:04:30:08,18.88,O,01,03,274,Thunnus thynnus,0,,No SeaCat,,2,101,201,3085,26.99,21.88,17.27,36.164,36.404,36.312,6.5,6.2,4.1
04,0317,066,B026,50715,26.0315,-93.9997,2975.50,20MAY2016:08:16:06,20MAY2016:08:36:23,20.28,O,01,03,281,NO TUNA LARVAE CAUGH,1,n=1 T. thynnus? (2.2 mm) in K. pelamis vial. Check all for DNA.,,,2,102,204,2976,26.8,21.37,18,36.11,36.449,36.401,6.5,6.4,4.1
04,0317,066,B026,50715,26.0315,-93.9997,2975.50,20MAY2016:08:16:06,20MAY2016:08:36:23,20.28,O,01,03,281,Katsuwonus pelamis,2,Check all for DNA.,,,2,102,204,2976,26.8,21.37,18,36.11,36.449,36.401,6.5,6.4,4.1
04,0317,066,B026,50715,26.0315,-93.9997,2975.50,20MAY2016:08:16:06,20MAY2016:08:36:23,20.28,O,01,03,281,Thunnus spp,3,,,,2,102,204,2976,26.8,21.37,18,36.11,36.449,36.401,6.5,6.4,4.1
04,0317,066,B026,50715,26.0315,-93.9997,2975.50,20MAY2016:08:16:06,20MAY2016:08:36:23,20.28,O,01,03,281,Thunnus thynnus,0,,,,2,102,204,2976,26.8,21.37,18,36.11,36.449,36.401,6.5,6.4,4.1
04,0317,067,B054,50720,26.5010,-93.9952,1457.75,20MAY2016:13:18:53,20MAY2016:13:38:15,19.36,O,01,03,289,Katsuwonus pelamis,2,Sta# changed from 61 to 67; Check all for DNA.,,,2,101,201,1515,26.85,21.8,17.12,35.226,36.393,36.288,6.4,6.1,4.1
04,0317,067,B054,50720,26.5010,-93.9952,1457.75,20MAY2016:13:18:53,20MAY2016:13:38:15,19.36,O,01,03,289,Thunnus spp,0,,,,2,101,201,1515,26.85,21.8,17.12,35.226,36.393,36.288,6.4,6.1,4.1
04,0317,067,B054,50720,26.5010,-93.9952,1457.75,20MAY2016:13:18:53,20MAY2016:13:38:15,19.36,O,01,03,289,Thunnus thynnus,1,Sta# changed from 61 to 67,,,2,101,201,1515,26.85,21.8,17.12,35.226,36.393,36.288,6.4,6.1,4.1
04,0317,068,B027,50725,27.0132,-93.9915,1004.80,20MAY2016:17:03:52,20MAY2016:17:28:22,24.50,O,01,03,377,Katsuwonus pelamis,2,,SeaCat working 37mm Mnemiopsis in LB,,2,101,201,1006,27.51,21.38,16.97,33.885,36.428,36.265,6.5,6.3,4.1
04,0317,068,B027,50725,27.0132,-93.9915,1004.80,20MAY2016:17:03:52,20MAY2016:17:28:22,24.50,O,01,03,377,Thunnus spp,4,,SeaCat working 37mm Mnemiopsis in LB,,2,101,201,1006,27.51,21.38,16.97,33.885,36.428,36.265,6.5,6.3,4.1
04,0317,068,B027,50725,27.0132,-93.9915,1004.80,20MAY2016:17:03:52,20MAY2016:17:28:22,24.50,O,01,03,377,Thunnus thynnus,5,,SeaCat working 37mm Mnemiopsis in LB,,2,101,201,1006,27.51,21.38,16.97,33.885,36.428,36.265,6.5,6.3,4.1
04,0317,069,B312,50730,27.0008,-94.4960,1257.26,20MAY2016:22:12:08,20MAY2016:22:34:52,22.73,O,01,03,339,Katsuwonus pelamis,0,,SeaCat not working,,2,102,203,1221,27.89,19.66,15.3,32.991,36.449,36.014,6.6,4.6,4
04,0317,069,B312,50730,27.0008,-94.4960,1257.26,20MAY2016:22:12:08,20MAY2016:22:34:52,22.73,O,01,03,339,Thunnus spp,0,,SeaCat not working,,2,102,203,1221,27.89,19.66,15.3,32.991,36.449,36.014,6.6,4.6,4
04,0317,069,B312,50730,27.0008,-94.4960,1257.26,20MAY2016:22:12:08,20MAY2016:22:34:52,22.73,O,01,03,339,Thunnus thynnus,3,,SeaCat not working,,2,102,203,1221,27.89,19.66,15.3,32.991,36.449,36.014,6.6,4.6,4
04,0317,070,B028,50734,26.9985,-95.0200,1490.39,21MAY2016:02:16:27,21MAY2016:02:35:44,19.28,O,01,03,272,NO TUNA LARVAE CAUGH,0,,,,2,101,201,1490,26.51,18.63,14.27,35.26,36.46,35.851,6.5,4,3.9
04,0317,071,B052,50739,26.4967,-95.0005,1676.11,21MAY2016:07:16:24,21MAY2016:07:35:12,18.80,O,01,03,262,Katsuwonus pelamis,1,,,,3,101,202,1699,26.32,20.78,12.44,35.508,36.464,35.56,6.6,5.1,3.5
04,0317,071,B052,50739,26.4967,-95.0005,1676.11,21MAY2016:07:16:24,21MAY2016:07:35:12,18.80,O,01,03,262,Thunnus spp,2,,,,3,101,202,1699,26.32,20.78,12.44,35.508,36.464,35.56,6.6,5.1,3.5
04,0317,071,B052,50739,26.4967,-95.0005,1676.11,21MAY2016:07:16:24,21MAY2016:07:35:12,18.80,O,01,03,262,Thunnus thynnus,1,,,,3,101,202,1699,26.32,20.78,12.44,35.508,36.464,35.56,6.6,5.1,3.5
04,0317,072,B029,50744,26.0295,-95.0125,2435.86,21MAY2016:11:14:13,21MAY2016:11:35:26,21.21,O,01,03,300,Katsuwonus pelamis,0,,,,2,101,202,2469,26.99,18.73,13.99,35.425,36.466,35.794,6.5,4,3.8
04,0317,072,B029,50744,26.0295,-95.0125,2435.86,21MAY2016:11:14:13,21MAY2016:11:35:26,21.21,O,01,03,300,Thunnus spp,0,,,,2,101,202,2469,26.99,18.73,13.99,35.425,36.466,35.794,6.5,4,3.8
04,0317,072,B029,50744,26.0295,-95.0125,2435.86,21MAY2016:11:14:13,21MAY2016:11:35:26,21.21,O,01,03,300,Thunnus thynnus,31,,,,2,101,202,2469,26.99,18.73,13.99,35.425,36.466,35.794,6.5,4,3.8
04,0317,073,B313,50749,26.0143,-95.4885,1501.07,21MAY2016:15:54:28,21MAY2016:16:13:57,19.48,O,01,03,273,Katsuwonus pelamis,1,,,,2,103,205,1492,27,18.13,13.51,35.699,36.413,35.722,6.5,4,3.7
04,0317,073,B313,50749,26.0143,-95.4885,1501.07,21MAY2016:15:54:28,21MAY2016:16:13:57,19.48,O,01,03,273,Thunnus spp,0,,,,2,103,205,1492,27,18.13,13.51,35.699,36.413,35.722,6.5,4,3.7
04,0317,073,B313,50749,26.0143,-95.4885,1501.07,21MAY2016:15:54:28,21MAY2016:16:13:57,19.48,O,01,03,273,Thunnus thynnus,1,,,,2,103,205,1492,27,18.13,13.51,35.699,36.413,35.722,6.5,4,3.7
04,0317,074,B030,50754,26.0310,-95.9988,1030.97,21MAY2016:19:40:16,21MAY2016:20:00:14,19.96,O,01,03,276,NO TUNA LARVAE CAUGH,0,,,,2,101,202,1036,27.32,19.83,14.88,35.64,36.507,35.945,6.5,4.3,3.9
04,0317,075,B240,50759,26.4980,-95.9907,1092.62,22MAY2016:00:47:39,22MAY2016:01:10:08,22.48,O,01,03,324,Katsuwonus pelamis,0,,No SeaCat Didn't hit Bongo Bottom Button,,2,101,202,1095,27.2,19.67,15.2,34.698,36.508,35.987,6.5,4.3,4
04,0317,075,B240,50759,26.4980,-95.9907,1092.62,22MAY2016:00:47:39,22MAY2016:01:10:08,22.48,O,01,03,324,Thunnus spp,3,,No SeaCat Didn't hit Bongo Bottom Button,,2,101,202,1095,27.2,19.67,15.2,34.698,36.508,35.987,6.5,4.3,4
04,0317,075,B240,50759,26.4980,-95.9907,1092.62,22MAY2016:00:47:39,22MAY2016:01:10:08,22.48,O,01,03,324,Thunnus thynnus,0,,No SeaCat Didn't hit Bongo Bottom Button,,2,101,202,1095,27.2,19.67,15.2,34.698,36.508,35.987,6.5,4.3,4
04,0317,076,B031,50764,27.0102,-96.0110,807.25,22MAY2016:05:15:18,22MAY2016:05:34:11,18.88,O,01,03,276,NO TUNA LARVAE CAUGH,0,,,,2,103,205,826,26.84,18.94,14.43,34.535,36.487,35.861,6.6,3.9,3.9
04,0317,077,B232,50769,27.5493,-96.0008,171.14,22MAY2016:10:56:03,22MAY2016:11:12:02,15.98,O,01,03,226,NO TUNA LARVAE CAUGH,0,,,,2,88,176,179,26.23,20.6,17.16,34.899,36.435,36.281,6.6,5.5,3.9
04,0317,078,B231,50774,28.0087,-96.0095,45.86,22MAY2016:14:54:31,22MAY2016:15:02:46,8.25,O,01,03,127,NO TUNA LARVAE CAUGH,0,,,,2,22,44,47,25.85,22.64,21.65,31.924,35.752,36.183,6.6,6.2,6
04,0317,079,B226,50779,27.9947,-95.4967,56.91,22MAY2016:20:15:24,22MAY2016:20:25:31,10.11,O,01,03,144,Katsuwonus pelamis,0,,No SeaCat,,2,29,57,57,26.8,24.06,21.17,33.473,35.815,36.209,6.4,6.7,6
04,0317,079,B226,50779,27.9947,-95.4967,56.91,22MAY2016:20:15:24,22MAY2016:20:25:31,10.11,O,01,03,144,Thunnus spp,1,,No SeaCat,,2,29,57,57,26.8,24.06,21.17,33.473,35.815,36.209,6.4,6.7,6
04,0317,079,B226,50779,27.9947,-95.4967,56.91,22MAY2016:20:15:24,22MAY2016:20:25:31,10.11,O,01,03,144,Thunnus thynnus,1,,No SeaCat,,2,29,57,57,26.8,24.06,21.17,33.473,35.815,36.209,6.4,6.7,6
04,0317,080,B225,50783,27.5088,-95.5130,641.40,23MAY2016:00:16:55,23MAY2016:00:37:43,20.80,O,01,03,310,NO TUNA LARVAE CAUGH,0,,,,2,101,202,700,26.84,19.76,15.39,34.461,36.457,36.022,6.5,4.8,4
04,0317,081,B224,50788,27.4893,-95.0055,927.73,23MAY2016:05:18:59,23MAY2016:05:38:52,19.88,O,01,03,284,Katsuwonus pelamis,1,,,,2,107,213,934,27,19.2,14.49,33.261,36.486,35.871,6.4,4,3.7
04,0317,081,B224,50788,27.4893,-95.0055,927.73,23MAY2016:05:18:59,23MAY2016:05:38:52,19.88,O,01,03,284,Thunnus spp,1,,,,2,107,213,934,27,19.2,14.49,33.261,36.486,35.871,6.4,4,3.7
04,0317,081,B224,50788,27.4893,-95.0055,927.73,23MAY2016:05:18:59,23MAY2016:05:38:52,19.88,O,01,03,284,Thunnus thynnus,4,,,,2,107,213,934,27,19.2,14.49,33.261,36.486,35.871,6.4,4,3.7
04,0317,082,B223,50793,28.0112,-95.0105,80.47,23MAY2016:09:39:42,23MAY2016:09:51:02,11.33,O,01,03,162,NO TUNA LARVAE CAUGH,0,,,,2,40,80,82,26.51,22.53,20.69,32.946,36.305,36.433,6.5,6.8,5.3
04,0317,083,B217,50798,27.9993,-94.4948,73.71,23MAY2016:14:18:18,23MAY2016:14:28:41,10.38,O,01,03,161,NO TUNA LARVAE CAUGH,0,,,,2,38,75,76,26.6,22.2,20.93,33.406,36.271,36.435,6.4,6.8,5.6
04,0317,084,B243,50803,27.5057,-94.5097,689.62,23MAY2016:19:07:20,23MAY2016:19:27:01,19.68,O,01,03,265,Katsuwonus pelamis,0,,No SeaCat,,2,101,202,660,27.85,20.47,16.56,33.383,36.476,36.226,6.4,4.9,4.2
04,0317,084,B243,50803,27.5057,-94.5097,689.62,23MAY2016:19:07:20,23MAY2016:19:27:01,19.68,O,01,03,265,Thunnus spp,1,,No SeaCat,,2,101,202,660,27.85,20.47,16.56,33.383,36.476,36.226,6.4,4.9,4.2
04,0317,084,B243,50803,27.5057,-94.5097,689.62,23MAY2016:19:07:20,23MAY2016:19:27:01,19.68,O,01,03,265,Thunnus thynnus,3,,No SeaCat,,2,101,202,660,27.85,20.47,16.56,33.383,36.476,36.226,6.4,4.9,4.2
04,0317,085,B053,50808,27.5022,-93.9973,879.71,23MAY2016:23:50:29,24MAY2016:00:10:57,20.46,O,01,03,297,Katsuwonus pelamis,0,,No SeaCat,,3,101,202,863,27.55,21.37,16.84,33.832,36.468,36.237,6.4,6.3,4.1
04,0317,085,B053,50808,27.5022,-93.9973,879.71,23MAY2016:23:50:29,24MAY2016:00:10:57,20.46,O,01,03,297,Thunnus spp,0,,No SeaCat,,3,101,202,863,27.55,21.37,16.84,33.832,36.468,36.237,6.4,6.3,4.1
04,0317,085,B053,50808,27.5022,-93.9973,879.71,23MAY2016:23:50:29,24MAY2016:00:10:57,20.46,O,01,03,297,Thunnus thynnus,2,,No SeaCat,,3,101,202,863,27.55,21.37,16.84,33.832,36.468,36.237,6.4,6.3,4.1
04,0317,086,B216,50813,28.0157,-94.0140,76.67,24MAY2016:03:55:09,24MAY2016:04:04:28,9.31,O,01,03,132,Katsuwonus pelamis,4,,No SeaCat,,2,42,83,83,26.99,22.56,20.85,33.269,36.166,36.425,6.4,6.8,5.7
04,0317,086,B216,50813,28.0157,-94.0140,76.67,24MAY2016:03:55:09,24MAY2016:04:04:28,9.31,O,01,03,132,Thunnus spp,5,,No SeaCat,,2,42,83,83,26.99,22.56,20.85,33.269,36.166,36.425,6.4,6.8,5.7
04,0317,086,B216,50813,28.0157,-94.0140,76.67,24MAY2016:03:55:09,24MAY2016:04:04:28,9.31,O,01,03,132,Thunnus thynnus,2,,No SeaCat,,2,42,83,83,26.99,22.56,20.85,33.269,36.166,36.425,6.4,6.8,5.7
04,0317,087,B209,50818,27.9965,-93.4992,98.26,24MAY2016:08:32:10,24MAY2016:08:43:52,11.70,O,01,03,178,Katsuwonus pelamis,0,,,,2,50,100,100,26.53,22.38,19.55,33.449,36.207,36.443,6.4,6.5,4.5
04,0317,087,B209,50818,27.9965,-93.4992,98.26,24MAY2016:08:32:10,24MAY2016:08:43:52,11.70,O,01,03,178,Thunnus spp,1,,,,2,50,100,100,26.53,22.38,19.55,33.449,36.207,36.443,6.4,6.5,4.5
04,0317,087,B209,50818,27.9965,-93.4992,98.26,24MAY2016:08:32:10,24MAY2016:08:43:52,11.70,O,01,03,178,Thunnus thynnus,2,,,,2,50,100,100,26.53,22.38,19.55,33.449,36.207,36.443,6.4,6.5,4.5
04,0317,088,B244,50823,27.5153,-93.4992,564.20,24MAY2016:12:31:27,24MAY2016:12:50:35,19.13,O,01,03,274,Katsuwonus pelamis,0,,,,2,101,202,574,27.04,21.88,17.81,34.646,36.412,36.387,6.3,6.7,4
04,0317,088,B244,50823,27.5153,-93.4992,564.20,24MAY2016:12:31:27,24MAY2016:12:50:35,19.13,O,01,03,274,Thunnus spp,1,Check for DNA. May be T. thynnus,,,2,101,202,574,27.04,21.88,17.81,34.646,36.412,36.387,6.3,6.7,4
04,0317,088,B244,50823,27.5153,-93.4992,564.20,24MAY2016:12:31:27,24MAY2016:12:50:35,19.13,O,01,03,274,Thunnus thynnus,0,,,,2,101,202,574,27.04,21.88,17.81,34.646,36.412,36.387,6.3,6.7,4
04,0317,089,B056,50828,27.4948,-93.0032,821.82,24MAY2016:17:09:56,24MAY2016:17:29:40,19.73,O,01,03,269,Katsuwonus pelamis,0,,,,2,101,202,827,26.61,21.89,17.9,35.896,36.41,36.393,6.4,6.7,4.1
04,0317,089,B056,50828,27.4948,-93.0032,821.82,24MAY2016:17:09:56,24MAY2016:17:29:40,19.73,O,01,03,269,Thunnus spp,0,,,,2,101,202,827,26.61,21.89,17.9,35.896,36.41,36.393,6.4,6.7,4.1
04,0317,089,B056,50828,27.4948,-93.0032,821.82,24MAY2016:17:09:56,24MAY2016:17:29:40,19.73,O,01,03,269,Thunnus thynnus,2,,,,2,101,202,827,26.61,21.89,17.9,35.896,36.41,36.393,6.4,6.7,4.1
04,0317,090,B023,50833,28.0157,-93.0037,105.68,24MAY2016:21:42:28,24MAY2016:21:53:09,10.68,O,01,03,158,Katsuwonus pelamis,1,,Attempt to use SeaCat Hit Bottom on the first tow,,3,55,109,110,26.7,23.04,20.18,34.665,36.415,36.441,6.5,6.6,4.9
04,0317,090,B023,50833,28.0157,-93.0037,105.68,24MAY2016:21:42:28,24MAY2016:21:53:09,10.68,O,01,03,158,Thunnus spp,5,,Attempt to use SeaCat Hit Bottom on the first tow,,3,55,109,110,26.7,23.04,20.18,34.665,36.415,36.441,6.5,6.6,4.9
04,0317,090,B023,50833,28.0157,-93.0037,105.68,24MAY2016:21:42:28,24MAY2016:21:53:09,10.68,O,01,03,158,Thunnus thynnus,14,,Attempt to use SeaCat Hit Bottom on the first tow,,3,55,109,110,26.7,23.04,20.18,34.665,36.415,36.441,6.5,6.6,4.9
04,0317,091,B202,50838,27.9992,-92.4952,108.18,25MAY2016:02:51:36,25MAY2016:03:02:27,10.85,O,01,03,158,Katsuwonus pelamis,0,,,,2,54,108,110,26.69,21.89,20.19,35.018,36.242,36.436,6.4,6.4,4.9
04,0317,091,B202,50838,27.9992,-92.4952,108.18,25MAY2016:02:51:36,25MAY2016:03:02:27,10.85,O,01,03,158,Thunnus spp,1,,,,2,54,108,110,26.69,21.89,20.19,35.018,36.242,36.436,6.4,6.4,4.9
04,0317,091,B202,50838,27.9992,-92.4952,108.18,25MAY2016:02:51:36,25MAY2016:03:02:27,10.85,O,01,03,158,Thunnus thynnus,1,,,,2,54,108,110,26.69,21.89,20.19,35.018,36.242,36.436,6.4,6.4,4.9
04,0317,092,B245,50843,27.5120,-92.5087,871.02,25MAY2016:07:26:14,25MAY2016:07:47:06,20.86,O,01,03,288,Katsuwonus pelamis,3,,,,2,101,202,927,26.66,20.88,17.23,34.184,36.424,36.3,6.4,5.5,4.2
04,0317,092,B245,50843,27.5120,-92.5087,871.02,25MAY2016:07:26:14,25MAY2016:07:47:06,20.86,O,01,03,288,Thunnus spp,1,,,,2,101,202,927,26.66,20.88,17.23,34.184,36.424,36.3,6.4,5.5,4.2
04,0317,092,B245,50843,27.5120,-92.5087,871.02,25MAY2016:07:26:14,25MAY2016:07:47:06,20.86,O,01,03,288,Thunnus thynnus,1,,,,2,101,202,927,26.66,20.88,17.23,34.184,36.424,36.3,6.4,5.5,4.2
04,0317,093,B057,50848,27.4992,-91.9998,784.44,25MAY2016:12:23:44,25MAY2016:12:43:00,19.26,O,01,03,272,NO TUNA LARVAE CAUGH,0,,,,2,101,201,789,25.95,20.37,16.46,35.261,36.482,36.191,6.4,4.8,3.9
04,0317,094,B022,50853,28.0152,-92.0028,117.49,25MAY2016:18:12:12,25MAY2016:18:24:43,12.51,O,01,03,181,NO TUNA LARVAE CAUGH,0,,,,2,62,124,125,26.96,22.55,19.65,34.726,36.294,36.414,6.4,6.7,4.2
04,0317,095,B195,50858,27.9982,-91.4943,160.23,25MAY2016:22:39:10,25MAY2016:22:55:23,16.21,O,01,03,228,NO TUNA LARVAE CAUGH,0,,,,2,83,165,168,26.99,21.11,17.46,34.687,36.43,36.337,6.4,5.3,3.6
04,0317,096,B246,50863,27.5123,-91.5107,1039.91,26MAY2016:02:52:10,26MAY2016:03:14:44,22.56,O,01,03,340,Katsuwonus pelamis,1,,,,2,102,203,1003,25.78,20.2,16.69,34.236,36.39,36.227,6.6,5.6,4.1
04,0317,096,B246,50863,27.5123,-91.5107,1039.91,26MAY2016:02:52:10,26MAY2016:03:14:44,22.56,O,01,03,340,Thunnus spp,0,,,,2,102,203,1003,25.78,20.2,16.69,34.236,36.39,36.227,6.6,5.6,4.1
04,0317,096,B246,50863,27.5123,-91.5107,1039.91,26MAY2016:02:52:10,26MAY2016:03:14:44,22.56,O,01,03,340,Thunnus thynnus,0,,,,2,102,203,1003,25.78,20.2,16.69,34.236,36.39,36.227,6.6,5.6,4.1
04,0317,097,B060,50868,27.5000,-91.0107,1070.58,26MAY2016:08:09:21,26MAY2016:08:29:29,20.13,O,01,03,272,Katsuwonus pelamis,3,,,,3,100,200,1078,26.64,20.48,16.01,36.066,36.524,36.135,6.3,4.7,4.2
04,0317,097,B060,50868,27.5000,-91.0107,1070.58,26MAY2016:08:09:21,26MAY2016:08:29:29,20.13,O,01,03,272,Thunnus spp,1,,,,3,100,200,1078,26.64,20.48,16.01,36.066,36.524,36.135,6.3,4.7,4.2
04,0317,097,B060,50868,27.5000,-91.0107,1070.58,26MAY2016:08:09:21,26MAY2016:08:29:29,20.13,O,01,03,272,Thunnus thynnus,8,,,,3,100,200,1078,26.64,20.48,16.01,36.066,36.524,36.135,6.3,4.7,4.2
04,0317,098,B017,50873,28.0158,-90.9992,142.95,26MAY2016:12:25:05,26MAY2016:12:39:08,14.05,O,01,03,211,Katsuwonus pelamis,0,,,,2,82,164,169,26.63,21.17,17.46,33.188,36.347,35.892,6.4,5.1,3.9
04,0317,098,B017,50873,28.0158,-90.9992,142.95,26MAY2016:12:25:05,26MAY2016:12:39:08,14.05,O,01,03,211,Thunnus spp,3,,,,2,82,164,169,26.63,21.17,17.46,33.188,36.347,35.892,6.4,5.1,3.9
04,0317,098,B017,50873,28.0158,-90.9992,142.95,26MAY2016:12:25:05,26MAY2016:12:39:08,14.05,O,01,03,211,Thunnus thynnus,0,,,,2,82,164,169,26.63,21.17,17.46,33.188,36.347,35.892,6.4,5.1,3.9
04,0317,099,B190,50878,28.1308,-90.4975,119.46,26MAY2016:17:04:25,26MAY2016:17:17:52,13.45,O,01,03,194,NO TUNA LARVAE CAUGH,0,,,,2,62,124,124,26.53,21.61,19.06,33.687,36.319,36.448,6.4,6.4,4
04,0317,100,B247,50883,27.5155,-90.5045,1045.52,26MAY2016:21:55:44,26MAY2016:22:17:38,21.90,O,01,03,301,Katsuwonus pelamis,5,,,,2,102,204,1077,27.12,19.95,15.47,36.054,36.464,36.043,6.3,4.8,4.2
04,0317,100,B247,50883,27.5155,-90.5045,1045.52,26MAY2016:21:55:44,26MAY2016:22:17:38,21.90,O,01,03,301,Thunnus spp,0,,,,2,102,204,1077,27.12,19.95,15.47,36.054,36.464,36.043,6.3,4.8,4.2
04,0317,100,B247,50883,27.5155,-90.5045,1045.52,26MAY2016:21:55:44,26MAY2016:22:17:38,21.90,O,01,03,301,Thunnus thynnus,12,,,,2,102,204,1077,27.12,19.95,15.47,36.054,36.464,36.043,6.3,4.8,4.2
04,0317,101,B061,50888,27.5025,-89.9957,1212.77,27MAY2016:02:48:17,27MAY2016:03:09:04,20.78,O,01,03,285,Katsuwonus pelamis,1,,,,2,101,201,1152,26.67,20.4,15.4,35.974,36.611,36.035,6.4,4.4,4
04,0317,101,B061,50888,27.5025,-89.9957,1212.77,27MAY2016:02:48:17,27MAY2016:03:09:04,20.78,O,01,03,285,Thunnus spp,2,,,,2,101,201,1152,26.67,20.4,15.4,35.974,36.611,36.035,6.4,4.4,4
04,0317,101,B061,50888,27.5025,-89.9957,1212.77,27MAY2016:02:48:17,27MAY2016:03:09:04,20.78,O,01,03,285,Thunnus thynnus,3,,,,2,101,201,1152,26.67,20.4,15.4,35.974,36.611,36.035,6.4,4.4,4
04,0317,102,B016,50893,28.0157,-90.0025,568.68,27MAY2016:07:06:28,27MAY2016:07:26:27,19.98,O,01,03,284,Katsuwonus pelamis,1,,,,3,103,206,565,26.92,19.81,16.11,33.974,36.395,36.146,6.3,5,4.2
04,0317,102,B016,50893,28.0157,-90.0025,568.68,27MAY2016:07:06:28,27MAY2016:07:26:27,19.98,O,01,03,284,Thunnus spp,0,,,,3,103,206,565,26.92,19.81,16.11,33.974,36.395,36.146,6.3,5,4.2
04,0317,102,B016,50893,28.0157,-90.0025,568.68,27MAY2016:07:06:28,27MAY2016:07:26:27,19.98,O,01,03,284,Thunnus thynnus,0,,,,3,103,206,565,26.92,19.81,16.11,33.974,36.395,36.146,6.3,5,4.2
04,0317,103,B185,50898,27.9967,-89.4912,1026.43,27MAY2016:12:27:34,27MAY2016:12:48:18,20.73,O,01,03,293,Katsuwonus pelamis,4,,sprig sargassum from right bongo,,2,102,203,1031,26.44,20.54,15.1,36.176,36.608,35.987,6.3,4.5,4.2
04,0317,103,B185,50898,27.9967,-89.4912,1026.43,27MAY2016:12:27:34,27MAY2016:12:48:18,20.73,O,01,03,293,Thunnus spp,1,,sprig sargassum from right bongo,,2,102,203,1031,26.44,20.54,15.1,36.176,36.608,35.987,6.3,4.5,4.2
04,0317,103,B185,50898,27.9967,-89.4912,1026.43,27MAY2016:12:27:34,27MAY2016:12:48:18,20.73,O,01,03,293,Thunnus thynnus,0,,sprig sargassum from right bongo,,2,102,203,1031,26.44,20.54,15.1,36.176,36.608,35.987,6.3,4.5,4.2
04,0317,104,B248,50903,27.5138,-89.5037,1835.66,27MAY2016:16:53:22,27MAY2016:17:15:04,21.70,O,01,03,303,Katsuwonus pelamis,0,,,,3,102,204,1926,26.79,20.58,15.32,35.892,36.637,36.02,6.4,4.5,4.2
04,0317,104,B248,50903,27.5138,-89.5037,1835.66,27MAY2016:16:53:22,27MAY2016:17:15:04,21.70,O,01,03,303,Thunnus spp,1,,,,3,102,204,1926,26.79,20.58,15.32,35.892,36.637,36.02,6.4,4.5,4.2
04,0317,104,B248,50903,27.5138,-89.5037,1835.66,27MAY2016:16:53:22,27MAY2016:17:15:04,21.70,O,01,03,303,Thunnus thynnus,53,27 yolksac larvae. Check for DNA,,,3,102,204,1926,26.79,20.58,15.32,35.892,36.637,36.02,6.4,4.5,4.2
04,0317,105,B064,50908,27.5005,-88.9930,1870.29,27MAY2016:21:43:45,27MAY2016:22:04:06,20.35,O,01,03,287,Katsuwonus pelamis,0,,,,2,101,202,1869,26.87,20.59,15.15,36.228,36.582,35.999,6.2,4.6,4.2
04,0317,105,B064,50908,27.5005,-88.9930,1870.29,27MAY2016:21:43:45,27MAY2016:22:04:06,20.35,O,01,03,287,Thunnus spp,0,,,,2,101,202,1869,26.87,20.59,15.15,36.228,36.582,35.999,6.2,4.6,4.2
04,0317,105,B064,50908,27.5005,-88.9930,1870.29,27MAY2016:21:43:45,27MAY2016:22:04:06,20.35,O,01,03,287,Thunnus thynnus,1,,,,2,101,202,1869,26.87,20.59,15.15,36.228,36.582,35.999,6.2,4.6,4.2
04,0317,106,B083,50913,28.0138,-89.0093,1325.77,28MAY2016:02:05:47,28MAY2016:02:28:44,22.95,O,01,03,337,Katsuwonus pelamis,4,,85mm FL Myctophidae removed from Left Bongo,,2,101,202,1324,26.41,19.83,15.29,36.114,36.667,36.014,6.4,4.5,4.3
04,0317,106,B083,50913,28.0138,-89.0093,1325.77,28MAY2016:02:05:47,28MAY2016:02:28:44,22.95,O,01,03,337,Thunnus spp,2,,85mm FL Myctophidae removed from Left Bongo,,2,101,202,1324,26.41,19.83,15.29,36.114,36.667,36.014,6.4,4.5,4.3
04,0317,106,B083,50913,28.0138,-89.0093,1325.77,28MAY2016:02:05:47,28MAY2016:02:28:44,22.95,O,01,03,337,Thunnus thynnus,1,,85mm FL Myctophidae removed from Left Bongo,,2,101,202,1324,26.41,19.83,15.29,36.114,36.667,36.014,6.4,4.5,4.3
04,0317,107,B207,50918,27.9925,-88.5003,2166.99,28MAY2016:07:22:44,28MAY2016:07:42:51,20.11,O,01,03,280,Katsuwonus pelamis,2,,,,2,109,217,2188,25.93,18.45,14.17,36.264,36.512,35.828,6.4,4.4,4.1
04,0317,107,B207,50918,27.9925,-88.5003,2166.99,28MAY2016:07:22:44,28MAY2016:07:42:51,20.11,O,01,03,280,Thunnus spp,1,,,,2,109,217,2188,25.93,18.45,14.17,36.264,36.512,35.828,6.4,4.4,4.1
04,0317,107,B207,50918,27.9925,-88.5003,2166.99,28MAY2016:07:22:44,28MAY2016:07:42:51,20.11,O,01,03,280,Thunnus thynnus,0,,,,2,109,217,2188,25.93,18.45,14.17,36.264,36.512,35.828,6.4,4.4,4.1
04,0317,108,B249,50923,27.5143,-88.5043,2123.74,28MAY2016:11:38:47,28MAY2016:11:59:50,21.05,O,01,03,307,Katsuwonus pelamis,6,,,,2,102,203,2152,26.92,20.83,15.34,36.358,36.591,36.023,6.3,4.8,3.9
04,0317,108,B249,50923,27.5143,-88.5043,2123.74,28MAY2016:11:38:47,28MAY2016:11:59:50,21.05,O,01,03,307,Thunnus spp,1,,,,2,102,203,2152,26.92,20.83,15.34,36.358,36.591,36.023,6.3,4.8,3.9
04,0317,108,B249,50923,27.5143,-88.5043,2123.74,28MAY2016:11:38:47,28MAY2016:11:59:50,21.05,O,01,03,307,Thunnus thynnus,0,,,,2,102,203,2152,26.92,20.83,15.34,36.358,36.591,36.023,6.3,4.8,3.9
04,0317,109,B065,50928,27.5125,-87.9998,2514.87,28MAY2016:16:20:56,28MAY2016:16:45:44,24.80,O,01,03,414,Katsuwonus pelamis,2,,A 65mm BL hydromedusae removed from left bongo,,3,101,202,2515,27.28,20.73,15.41,36.448,36.588,36.045,6.3,4.6,4.3
04,0317,109,B065,50928,27.5125,-87.9998,2514.87,28MAY2016:16:20:56,28MAY2016:16:45:44,24.80,O,01,03,414,Thunnus spp,3,,A 65mm BL hydromedusae removed from left bongo,,3,101,202,2515,27.28,20.73,15.41,36.448,36.588,36.045,6.3,4.6,4.3
04,0317,109,B065,50928,27.5125,-87.9998,2514.87,28MAY2016:16:20:56,28MAY2016:16:45:44,24.80,O,01,03,414,Thunnus thynnus,0,,A 65mm BL hydromedusae removed from left bongo,,3,101,202,2515,27.28,20.73,15.41,36.448,36.588,36.045,6.3,4.6,4.3
04,0317,110,B285,50933,27.0018,-87.5155,2853.20,28MAY2016:21:36:20,28MAY2016:21:58:41,22.35,O,01,03,357,Katsuwonus pelamis,1,,,,2,101,202,2853,27.67,26.33,21.05,36.314,36.344,36.793,6.2,6.3,4.6
04,0317,110,B285,50933,27.0018,-87.5155,2853.20,28MAY2016:21:36:20,28MAY2016:21:58:41,22.35,O,01,03,357,Thunnus spp,2,,,,2,101,202,2853,27.67,26.33,21.05,36.314,36.344,36.793,6.2,6.3,4.6
04,0317,110,B285,50933,27.0018,-87.5155,2853.20,28MAY2016:21:36:20,28MAY2016:21:58:41,22.35,O,01,03,357,Thunnus thynnus,0,,,,2,101,202,2853,27.67,26.33,21.05,36.314,36.344,36.793,6.2,6.3,4.6
04,0317,111,B286,50938,27.5030,-87.5023,2889.80,29MAY2016:03:08:29,29MAY2016:03:30:36,22.11,O,01,03,350,Katsuwonus pelamis,0,,,,2,101,202,2890,27.29,20.61,14.97,36.441,36.671,35.965,6.2,4.3,4.3
04,0317,111,B286,50938,27.5030,-87.5023,2889.80,29MAY2016:03:08:29,29MAY2016:03:30:36,22.11,O,01,03,350,Thunnus spp,0,,,,2,101,202,2890,27.29,20.61,14.97,36.441,36.671,35.965,6.2,4.3,4.3
04,0317,111,B286,50938,27.5030,-87.5023,2889.80,29MAY2016:03:08:29,29MAY2016:03:30:36,22.11,O,01,03,350,Thunnus thynnus,2,,,,2,101,202,2890,27.29,20.61,14.97,36.441,36.671,35.965,6.2,4.3,4.3
04,0317,112,B287,50943,28.0072,-87.5112,2781.10,29MAY2016:07:46:13,29MAY2016:08:07:04,20.85,O,01,03,298,Katsuwonus pelamis,1,,,,2,101,202,2781,26.21,18.64,11.36,36.354,36.38,35.408,6.4,4.3,3.9
04,0317,112,B287,50943,28.0072,-87.5112,2781.10,29MAY2016:07:46:13,29MAY2016:08:07:04,20.85,O,01,03,298,Thunnus spp,0,,,,2,101,202,2781,26.21,18.64,11.36,36.354,36.38,35.408,6.4,4.3,3.9
04,0317,112,B287,50943,28.0072,-87.5112,2781.10,29MAY2016:07:46:13,29MAY2016:08:07:04,20.85,O,01,03,298,Thunnus thynnus,1,,,,2,101,202,2781,26.21,18.64,11.36,36.354,36.38,35.408,6.4,4.3,3.9
04,0317,113,B082,50948,27.9973,-88.0060,2471.74,29MAY2016:12:34:37,29MAY2016:12:55:26,20.81,O,01,03,292,Katsuwonus pelamis,2,,EK reading now,,2,101,202,2452,26.07,16.91,12.17,36.254,36.238,35.518,6.4,4.2,3.9
04,0317,113,B082,50948,27.9973,-88.0060,2471.74,29MAY2016:12:34:37,29MAY2016:12:55:26,20.81,O,01,03,292,Thunnus spp,1,,EK reading now,,2,101,202,2452,26.07,16.91,12.17,36.254,36.238,35.518,6.4,4.2,3.9
04,0317,113,B082,50948,27.9973,-88.0060,2471.74,29MAY2016:12:34:37,29MAY2016:12:55:26,20.81,O,01,03,292,Thunnus thynnus,10,,EK reading now,,2,101,202,2452,26.07,16.91,12.17,36.254,36.238,35.518,6.4,4.2,3.9
04,0317,114,B081,50953,28.4973,-88.0158,2273.63,29MAY2016:17:00:33,29MAY2016:17:20:30,19.95,O,01,03,291,NO TUNA LARVAE CAUGH,0,,,,2,101,202,2298,26.36,17.69,13.38,36.188,36.374,35.709,6.4,4.3,4
04,0317,115,B252,50958,28.5010,-87.5023,2529.50,29MAY2016:21:48:05,29MAY2016:22:08:50,20.75,O,01,03,284,Katsuwonus pelamis,1,,,,2,101,202,2530,27.71,17.51,13.1,36.159,36.332,35.664,6.3,4.3,4
04,0317,115,B252,50958,28.5010,-87.5023,2529.50,29MAY2016:21:48:05,29MAY2016:22:08:50,20.75,O,01,03,284,Thunnus spp,0,,,,2,101,202,2530,27.71,17.51,13.1,36.159,36.332,35.664,6.3,4.3,4
04,0317,115,B252,50958,28.5010,-87.5023,2529.50,29MAY2016:21:48:05,29MAY2016:22:08:50,20.75,O,01,03,284,Thunnus thynnus,3,,,,2,101,202,2530,27.71,17.51,13.1,36.159,36.332,35.664,6.3,4.3,4
04,0317,116,B175,50963,29.0088,-87.5103,1708.42,30MAY2016:01:43:04,30MAY2016:02:04:20,21.26,O,01,03,294,Katsuwonus pelamis,9,,Aurelia in RB 77mm Bell Diameter,,2,101,201,1750,27.31,19.55,14.91,36.136,36.674,35.964,6.4,4.4,4.1
04,0317,116,B175,50963,29.0088,-87.5103,1708.42,30MAY2016:01:43:04,30MAY2016:02:04:20,21.26,O,01,03,294,Thunnus spp,17,,Aurelia in RB 77mm Bell Diameter,,2,101,201,1750,27.31,19.55,14.91,36.136,36.674,35.964,6.4,4.4,4.1
04,0317,116,B175,50963,29.0088,-87.5103,1708.42,30MAY2016:01:43:04,30MAY2016:02:04:20,21.26,O,01,03,294,Thunnus thynnus,2,,Aurelia in RB 77mm Bell Diameter,,2,101,201,1750,27.31,19.55,14.91,36.136,36.674,35.964,6.4,4.4,4.1
04,0317,117,B001,50968,28.9977,-88.0148,1124.00,30MAY2016:06:15:48,30MAY2016:06:36:06,20.30,O,01,03,288,Katsuwonus pelamis,7,,,,2,101,201,1308,27.02,20.54,15.73,36.294,36.619,36.099,6.4,4.5,4.3
04,0317,117,B001,50968,28.9977,-88.0148,1124.00,30MAY2016:06:15:48,30MAY2016:06:36:06,20.30,O,01,03,288,Thunnus spp,2,,,,2,101,201,1308,27.02,20.54,15.73,36.294,36.619,36.099,6.4,4.5,4.3
04,0317,117,B001,50968,28.9977,-88.0148,1124.00,30MAY2016:06:15:48,30MAY2016:06:36:06,20.30,O,01,03,288,Thunnus thynnus,0,,,,2,101,201,1308,27.02,20.54,15.73,36.294,36.619,36.099,6.4,4.5,4.3
04,0317,118,B176,50973,29.4872,-88.0287,46.13,30MAY2016:10:21:22,30MAY2016:10:31:33,10.18,O,01,03,147,NO TUNA LARVAE CAUGH,0,,,,2,20,40,43,26.11,23.75,21.93,32.677,34.49,35.782,6.5,6.6,5
04,0317,119,B174,50978,29.5188,-87.4652,75.48,30MAY2016:18:17:13,30MAY2016:18:27:34,10.35,O,01,03,159,Katsuwonus pelamis,0,,Station moved 2 miles NE due to fairway,,2,37,74,77,26.58,24.87,20.49,31.664,36.399,36.184,6.6,6.6,5
04,0317,119,B174,50978,29.5188,-87.4652,75.48,30MAY2016:18:17:13,30MAY2016:18:27:34,10.35,O,01,03,159,Thunnus spp,2,,Station moved 2 miles NE due to fairway,,2,37,74,77,26.58,24.87,20.49,31.664,36.399,36.184,6.6,6.6,5
04,0317,119,B174,50978,29.5188,-87.4652,75.48,30MAY2016:18:17:13,30MAY2016:18:27:34,10.35,O,01,03,159,Thunnus thynnus,0,,Station moved 2 miles NE due to fairway,,2,37,74,77,26.58,24.87,20.49,31.664,36.399,36.184,6.6,6.6,5
